employee_id,action_taking,belonging,collaboration,communication,culture,discretionary_effort,inclusion,downward_communication,engagement_1,engagement_2,engagement_3,happiness,learning_development,operating_efficiency_1,psych_safety_2,retention_1,retention_2,retention_3,role_clarity,senior_leadership,upward_communication,work_life_balance
1001,1,2,2,2,3,5,2,2,,,,,,,2,,,,,,2,
1002,,1,5,1,,,1,1,,,,1,1,1,1,1,1,1,,1,,
1003,4,3,3,3,3,4,3,4,4,4,4,4,4,4,3,4,5,5,3,3,2,2
1004,1,3,4,2,3,4,3,2,3,5,3,3,5,2,4,5,5,5,2,3,3,4
1005,4,5,4,4,4,4,4,4,4,5,4,5,5,3,,5,5,5,4,4,5,5
1006,3,4,4,,4,1,4,4,4,4,4,4,3,3,4,5,5,5,4,5,4,5
1007,,4,4,4,4,4,,,,4,4,,4,,,3,,,4,,,3
1008,3,5,3,4,5,5,,4,5,5,5,,5,4,6,5,5,5,5,5,4,1
1009,1,1,1,1,,5,,1,4,4,5,2,1,,1,3,,3,2,1,,3
1010,1,1,5,2,5,4,4,4,4,4,4,3,4,5,1,4,5,5,5,4,2,5
1011,3,2,2,,5,5,1,5,5,5,5,3,5,5,1,2,5,5,2,2,1,5
1012,4,3,2,4,4,5,5,5,4,5,5,3,5,4,3,3,5,5,3,3,2,3
1013,5,3,4,4,,5,,4,5,5,5,3,5,3,7,3,4,4,4,4,5,3
1014,5,4,5,5,,4,,,4,4,4,4,4,4,,4,4,4,4,4,4,3
1015,5,5,5,5,4,5,5,5,5,5,5,5,5,5,6,4,5,5,5,5,5,4
1016,,4,4,5,5,4,,,4,4,5,,5,5,,5,,,4,5,,4
1017,3,5,5,1,3,3,,3,4,5,3,3,5,1,4,2,3,1,3,1,1,3
1018,,5,5,5,5,5,5,5,4,5,5,4,4,5,5,5,5,5,5,5,4,4
1019,5,4,5,5,4,4,4,5,4,4,3,4,4,5,5,4,5,5,5,5,5,5
1020,4,5,5,5,5,4,,4,4,4,4,4,5,,5,5,5,5,5,5,4,4
1021,5,5,4,4,4,5,4,4,5,5,5,5,5,3,5,5,5,5,5,5,5,5
1022,5,5,4,4,5,5,5,4,5,5,4,5,4,5,7,5,5,5,5,5,5,5
1023,,5,5,5,5,5,5,4,5,5,5,5,5,3,5,5,5,5,5,5,5,3
1024,5,5,5,5,5,5,5,5,5,5,5,5,5,5,7,5,5,5,5,5,5,5
1025,4,4,4,4,3,5,4,3,4,5,5,5,5,2,6,5,5,5,4,4,5,3
1026,5,5,4,5,5,5,5,5,5,5,5,5,5,5,7,5,5,5,5,5,5,5
1027,5,5,5,5,5,5,5,5,5,5,5,5,5,5,7,5,5,5,5,5,5,3
1028,1,,1,1,3,1,1,1,1,3,1,1,1,3,1,1,1,1,1,1,1,5
1029,1,1,2,1,3,4,1,2,4,3,4,1,2,1,1,1,1,3,4,1,2,1
1030,2,3,1,4,4,2,4,3,2,1,1,3,1,3,4,1,3,3,1,3,3,3
1031,3,3,3,3,3,5,5,3,5,5,5,3,3,3,4,3,4,5,3,3,3,3
1032,,2,5,2,5,5,3,3,4,4,3,3,4,4,4,3,4,4,4,3,1,4
1033,1,2,2,2,3,5,5,4,4,4,4,3,2,4,1,1,4,2,4,2,4,2
1034,3,1,2,2,3,3,3,2,3,3,3,2,3,2,2,1,2,1,3,3,1,3
1035,3,3,2,4,5,4,4,4,3,2,4,2,2,2,2,2,3,4,5,5,1,4
1036,5,3,3,2,3,5,,2,4,4,4,4,5,,5,5,5,5,5,3,1,4
1037,4,5,4,3,5,4,4,4,4,4,4,4,4,4,5,2,4,3,4,3,4,4
1038,5,5,1,5,1,5,1,5,5,3,3,1,5,5,1,1,3,3,1,3,1,1
1039,1,3,1,3,1,5,3,1,5,5,5,1,1,1,1,1,3,1,3,1,3,5
1040,4,3,3,5,4,5,4,5,5,4,5,3,4,4,5,3,3,3,5,5,4,3
1041,3,1,1,3,3,5,3,4,5,5,5,3,5,3,2,3,3,4,5,2,1,1
1042,3,1,1,2,2,5,1,3,5,5,5,4,5,4,2,5,5,5,4,5,2,3
1043,3,5,5,4,4,5,3,3,5,5,5,4,5,2,6,5,5,5,3,5,5,4
1044,3,5,5,5,5,5,5,4,5,5,5,4,5,4,6,4,4,5,5,5,5,3
1045,2,5,1,5,5,5,5,5,5,5,5,4,5,5,4,2,5,5,5,5,5,2
1046,5,3,3,5,5,5,5,5,5,3,3,5,5,5,4,5,5,5,5,5,3,5
1047,3,5,4,3,4,5,5,4,5,5,5,5,5,3,6,5,5,5,5,5,5,3
1048,4,5,5,5,5,5,5,5,5,5,5,5,5,5,6,5,5,5,4,5,5,5
1049,3,5,4,4,5,5,5,5,5,5,5,5,5,5,7,4,5,5,5,5,5,5
1050,1,4,3,4,5,5,5,4,5,5,5,5,5,4,4,5,5,5,4,4,1,4
1051,3,4,4,3,5,5,5,5,4,5,5,5,5,5,3,5,5,5,5,5,3,3
1052,1,3,3,2,2,4,1,2,3,3,3,2,2,2,1,1,3,3,2,1,1,3
1053,3,2,2,2,2,3,3,1,3,3,3,2,3,1,5,2,3,3,3,2,3,2
1054,1,3,5,4,3,4,3,4,4,4,2,4,4,4,4,3,3,3,4,4,3,3
1055,3,3,3,3,2,4,1,2,4,2,2,1,2,3,3,1,1,1,1,4,1,4
1056,3,3,2,2,3,4,4,4,3,4,2,3,4,1,2,1,5,3,4,4,2,2
1057,5,2,2,3,3,4,4,2,2,3,3,3,2,2,2,3,5,5,2,3,4,3
1058,1,2,5,3,3,4,2,2,5,4,3,2,3,4,4,3,1,1,4,1,3,3
1059,4,3,2,,3,5,2,,4,5,5,3,4,4,2,3,4,3,4,4,2,2
1060,4,5,2,3,5,5,3,4,5,5,5,4,5,,3,5,5,5,4,5,2,4
1061,5,4,5,3,4,4,5,5,4,4,3,4,5,5,4,4,4,4,5,5,5,4
1062,3,3,3,4,3,2,5,4,2,2,1,5,5,4,5,5,5,5,4,5,3,1
1063,5,3,1,5,5,5,1,1,5,5,5,1,5,5,1,5,5,5,2,5,5,4
1064,4,3,2,3,4,5,2,2,5,5,5,2,4,1,4,1,3,3,3,1,1,1
1065,3,5,4,4,4,5,3,5,5,5,5,3,3,3,2,4,5,5,5,5,2,3
1066,5,3,2,3,4,5,3,4,4,4,4,3,5,5,5,5,5,5,5,5,4,4
1067,2,3,5,5,2,5,2,4,5,5,5,3,2,4,2,2,4,3,5,3,2,2
1068,3,3,3,3,4,4,2,3,3,3,4,3,4,3,2,3,3,4,4,3,2,3
1069,3,3,3,3,4,5,2,4,5,5,5,4,5,4,1,5,5,5,4,5,1,3
1070,3,3,4,3,3,5,2,3,4,5,5,4,5,4,5,4,4,4,5,4,4,4
1071,4,4,4,4,4,4,3,4,4,5,4,4,4,4,6,5,5,5,4,4,4,4
1072,3,5,5,5,5,5,5,5,5,5,5,5,5,5,7,5,5,5,5,5,5,5
1073,3,5,5,5,5,5,5,5,5,5,5,5,5,5,7,5,5,5,5,5,5,5
1074,5,3,4,5,5,5,5,5,4,4,5,5,5,5,5,5,5,5,5,5,4,2
1075,5,1,2,3,4,5,3,1,2,3,4,5,5,4,3,5,5,5,1,2,1,1
1076,5,5,3,4,4,4,4,5,4,5,4,5,5,5,4,5,5,5,3,3,2,4
1077,5,2,3,3,4,5,2,4,5,4,5,5,5,4,4,4,5,5,3,5,4,4
1078,5,5,4,4,4,5,4,4,5,5,5,5,5,4,4,5,5,5,5,5,5,3
1079,4,5,2,4,3,4,4,4,4,4,4,5,5,4,5,5,5,5,5,5,5,4
1080,3,4,5,4,4,5,5,5,4,5,5,5,5,4,6,5,5,5,5,5,3,4
1081,3,3,3,3,4,5,4,4,3,4,4,4,2,4,4,4,4,4,4,4,4,4
1082,3,2,2,2,2,4,2,1,3,4,2,2,3,2,3,2,4,2,3,2,1,3
1083,1,3,2,4,3,5,4,4,4,4,3,2,3,3,5,1,3,4,2,2,5,3
1084,,3,5,3,4,2,4,3,5,2,3,2,3,3,3,1,3,4,2,3,3,3
1085,5,3,4,4,4,5,5,4,5,5,5,2,3,3,4,1,3,3,3,3,4,1
1086,4,3,2,4,4,4,2,3,2,3,3,3,4,4,4,3,4,3,4,4,4,3
1087,3,3,3,4,4,4,3,4,3,4,4,3,4,3,3,3,4,4,4,3,2,3
1088,4,4,3,4,4,4,2,2,4,4,4,3,5,4,2,2,5,4,2,4,2,2
1089,4,4,2,3,4,5,5,3,5,5,5,5,5,4,4,5,5,5,5,4,4,4
1090,4,3,3,3,4,5,5,4,5,5,5,5,5,3,4,5,5,5,4,5,4,3
1091,2,4,2,3,3,4,4,,4,4,5,,3,3,4,,,4,3,4,3,3
1092,5,2,2,3,4,2,4,4,2,2,2,3,4,4,4,2,4,4,4,5,4,4
1093,4,3,3,4,4,3,3,3,3,3,3,3,5,4,4,4,4,4,4,5,3,3
1094,4,3,2,3,4,3,3,3,2,3,2,3,4,4,4,4,5,5,4,5,3,3
1095,3,3,3,4,4,4,3,3,2,2,3,3,4,4,2,2,3,4,4,4,2,2
1096,5,3,3,4,4,5,4,5,5,5,5,4,4,4,3,5,5,5,4,5,3,4
1097,3,3,3,3,4,5,4,4,4,5,5,4,5,4,5,3,5,3,5,5,5,5
1098,3,5,3,4,5,5,5,4,5,5,5,4,5,5,5,5,5,5,4,4,4,4
1099,4,5,3,4,5,5,5,5,4,5,4,4,4,4,6,4,5,5,4,5,3,4
1100,3,3,3,3,4,5,5,3,5,5,5,4,4,4,3,3,5,3,4,4,3,2
1101,3,3,4,2,4,4,2,2,5,5,4,4,3,3,3,3,5,5,3,4,2,4
1102,3,4,3,4,4,5,5,3,5,5,5,4,4,4,2,4,4,4,5,5,3,1
1103,3,4,5,4,4,5,4,3,4,5,4,4,3,3,5,4,5,5,4,4,4,4
1104,2,4,5,4,4,5,4,5,5,5,4,5,5,5,3,4,5,5,5,3,3,5
1105,5,5,3,5,5,5,5,5,5,5,5,5,5,5,5,5,5,5,5,5,4,4
1106,4,5,1,2,3,3,4,4,3,3,3,5,5,5,5,5,5,5,5,5,4,4
1107,4,4,3,5,4,4,,4,4,5,4,5,5,5,3,5,5,5,4,5,4,4
1108,5,4,4,4,4,5,4,5,4,5,5,5,5,4,4,5,5,5,5,5,4,3
1109,3,4,3,2,2,5,,3,4,5,,5,5,4,5,5,5,5,5,5,3,5
1110,3,1,2,1,2,5,2,3,5,5,5,2,3,1,2,3,4,3,4,3,2,5
1111,4,3,2,4,4,4,5,4,4,4,4,3,5,4,4,3,3,5,5,5,2,2
1112,4,3,3,3,5,4,3,5,3,3,3,3,3,5,7,5,5,5,5,3,2,4
1113,3,2,5,3,4,4,2,3,5,4,4,3,3,4,2,2,5,4,5,3,2,4
1114,4,5,4,5,4,5,5,5,5,5,5,3,5,4,7,4,5,5,3,5,5,3
1115,3,5,3,3,4,5,4,3,4,5,4,3,4,3,3,2,4,3,5,4,4,4
1116,4,3,4,3,5,5,2,3,5,5,5,4,5,4,2,5,5,5,3,3,1,2
1117,4,5,3,4,4,5,5,5,5,5,5,4,5,3,1,3,5,5,5,5,1,1
1118,4,4,3,4,4,5,3,5,5,5,5,4,5,4,4,5,5,5,5,4,3,4
1119,5,5,4,5,4,5,5,4,3,4,3,4,5,5,5,4,5,5,5,5,5,4
1120,5,4,5,5,4,4,4,5,5,5,5,4,4,5,6,5,5,5,5,5,5,4
1121,4,4,3,3,4,5,3,4,5,5,5,4,5,4,5,5,5,5,5,4,3,2
1122,4,3,4,4,5,5,5,5,3,5,4,4,5,4,3,2,5,5,4,5,3,3
1123,5,3,1,2,4,4,2,5,4,5,3,5,5,4,1,5,5,5,4,5,2,3
1124,4,5,5,5,5,5,5,5,5,5,5,5,5,5,4,5,5,5,5,5,5,5
1125,5,5,5,5,5,5,5,5,5,5,5,5,5,5,7,5,5,5,5,5,5,5
1126,5,5,5,5,5,5,5,5,5,5,5,5,5,3,4,5,5,5,5,5,3,3
1127,5,5,5,5,5,5,4,5,5,5,4,5,5,5,7,5,5,5,5,5,5,5
1128,3,5,5,4,5,5,5,4,5,5,5,5,5,3,7,5,5,5,5,5,5,5
1129,5,5,5,5,5,5,5,5,5,5,5,5,5,5,7,5,5,5,5,5,5,5
1130,5,5,5,5,5,5,5,5,5,5,5,5,5,5,7,5,5,5,5,5,5,5
1131,2,4,2,4,5,4,4,5,4,4,3,5,4,4,2,3,5,4,4,5,2,4
1132,4,5,5,5,5,5,5,5,4,5,5,5,5,5,4,5,5,5,5,5,4,4
1133,5,5,3,4,5,5,5,5,4,4,5,5,5,4,3,3,5,5,3,5,3,2
1134,5,5,5,3,4,5,5,4,5,4,5,5,5,3,3,5,5,5,5,5,3,5
1135,5,5,5,5,5,5,3,5,5,5,5,5,5,5,7,5,5,5,5,5,5,5
1136,5,4,5,4,4,5,5,4,5,5,5,5,5,5,2,5,5,5,5,5,5,4
1137,3,5,4,5,4,5,5,4,5,5,5,5,5,5,2,5,5,5,5,5,3,5
1138,5,4,4,3,3,5,3,3,5,5,5,5,5,3,3,5,5,5,4,5,4,4
1139,5,5,3,4,4,5,5,5,3,5,3,5,5,5,4,1,5,5,5,5,3,4
1140,1,4,5,,,4,3,,5,5,5,,,,1,,,,1,1,4,1
1141,3,4,3,2,3,5,2,3,5,4,4,3,3,3,3,1,2,4,4,3,1,2
1142,5,5,5,5,4,5,5,4,5,5,5,4,5,5,6,4,5,4,5,4,5,3
1143,5,5,5,5,5,5,5,5,5,5,5,5,5,5,7,5,5,5,5,5,5,5
1144,3,4,3,3,3,5,4,4,5,4,5,,3,3,4,,4,3,4,3,3,3
1145,2,3,4,4,4,4,3,3,4,3,3,2,3,,3,2,3,3,4,3,3,4
1146,2,2,4,2,3,3,1,3,3,3,2,2,2,3,4,1,2,2,3,2,2,3
1147,3,4,4,3,4,5,4,4,4,4,5,3,3,4,5,3,3,4,4,3,3,4
1148,3,2,5,3,3,3,3,2,3,3,4,3,1,4,3,1,2,2,2,4,3,3
1149,4,2,3,3,3,4,4,3,5,3,5,3,3,4,4,3,4,4,5,4,3,3
1150,3,1,1,1,1,5,3,3,5,5,5,2,2,1,1,1,3,3,5,1,1,1
1151,3,3,5,3,3,1,5,3,1,3,1,3,3,3,7,1,3,3,3,5,3,5
1152,3,3,3,4,4,4,4,3,2,2,2,3,3,3,4,3,3,4,4,4,4,4
1153,3,3,2,4,3,3,3,3,3,3,3,3,3,3,4,3,3,3,3,3,3,3
1154,3,3,3,3,3,3,3,3,3,3,3,3,3,3,4,3,3,3,3,3,3,3
1155,3,3,3,3,3,3,3,3,3,3,3,3,3,3,4,3,3,3,3,3,3,3
1156,5,5,5,5,5,5,5,5,5,5,5,3,5,5,2,5,5,5,3,5,4,3
1157,4,3,3,4,4,5,4,4,5,4,4,3,4,3,3,3,3,3,3,3,4,3
1158,3,3,4,4,4,4,4,4,3,4,4,4,4,1,5,4,4,4,4,4,4,4
1159,3,3,4,3,4,5,3,4,4,4,4,4,4,4,3,4,4,4,4,4,3,4
1160,4,3,3,4,3,5,3,5,5,5,4,4,4,5,5,4,5,5,5,5,4,4
1161,3,4,4,3,3,5,3,2,5,5,5,4,3,1,4,5,5,5,4,4,4,4
1162,3,4,4,4,4,3,4,4,3,4,4,4,4,4,4,4,4,5,5,4,3,3
1163,5,2,2,5,4,4,1,4,3,3,3,3,3,4,3,3,3,5,4,5,3,2
1164,3,4,4,4,4,5,5,4,5,4,4,3,4,4,3,4,4,4,4,4,3,4
1165,3,4,5,3,4,5,3,2,5,5,5,3,4,3,5,5,5,5,3,3,3,3
1166,3,3,3,3,3,3,3,3,3,3,3,3,3,3,3,3,3,3,3,3,3,3
1167,3,3,4,3,4,4,3,4,3,3,3,3,4,4,5,3,4,4,4,3,2,3
1168,4,4,4,3,3,3,4,3,4,4,3,3,3,4,4,3,3,2,4,4,3,2
1169,3,5,5,3,4,4,4,4,2,3,3,3,4,3,2,4,3,4,4,5,3,2
1170,3,3,4,3,4,5,3,4,5,5,4,3,2,5,7,3,3,3,3,4,4,3
1171,4,3,2,4,3,3,4,4,1,1,1,4,4,3,6,2,4,4,3,3,3,2
1172,4,4,3,4,4,,4,4,4,5,4,4,4,4,3,5,5,5,4,5,4,3
1173,4,3,3,4,4,4,4,4,3,4,4,4,4,4,5,3,3,3,4,4,4,4
1174,3,4,4,5,5,4,4,4,5,5,4,4,4,4,5,5,5,4,4,4,4,3
1175,4,3,3,4,4,3,4,4,3,4,3,4,4,4,4,4,5,4,4,4,3,3
1176,4,5,4,4,3,5,4,4,5,5,5,4,4,4,5,4,5,3,4,4,5,3
1177,3,4,4,4,4,5,4,4,5,4,4,5,4,4,5,4,5,5,4,4,3,4
1178,3,4,4,3,5,4,5,3,3,5,3,5,5,4,5,5,5,5,5,4,2,3
1179,5,5,3,5,5,5,5,5,4,5,5,5,5,4,6,3,5,5,5,5,4,3
1180,3,5,5,5,,5,,,,,4,,4,4,,,,,4,5,5,
1181,4,1,2,4,5,5,4,4,4,5,4,2,4,5,6,5,5,5,4,5,3,4
1182,3,3,2,3,3,4,3,4,2,4,2,3,4,4,3,2,4,5,4,4,2,3
1183,2,4,3,3,4,5,5,2,5,4,4,3,3,3,2,3,2,3,3,4,2,2
1184,3,3,3,4,4,4,4,5,4,4,4,3,4,4,5,3,3,3,4,4,3,3
1185,3,4,3,4,3,5,4,4,4,5,4,3,3,4,4,2,3,3,3,3,3,3
1186,3,4,4,4,4,5,5,3,5,4,5,3,5,4,7,5,5,5,4,4,5,3
1187,5,3,2,3,3,2,2,4,2,3,3,3,4,4,4,2,3,4,4,5,3,3
1188,4,3,,,4,4,3,3,3,4,4,3,4,3,5,3,5,5,4,4,3,3
1189,3,3,3,5,5,3,2,5,3,3,3,3,5,5,5,3,5,3,3,5,3,3
1190,3,3,3,3,3,4,2,2,3,4,4,3,4,2,1,1,5,5,4,4,1,2
1191,3,4,4,4,3,3,2,2,2,2,3,3,5,4,2,3,2,3,4,3,1,4
1192,3,3,4,2,4,5,2,2,5,5,5,3,2,4,2,3,4,4,5,4,3,3
1193,2,3,3,4,4,4,5,4,3,4,2,3,4,5,3,2,5,3,4,3,3,3
1194,4,3,4,3,3,3,4,4,2,3,3,3,4,4,5,4,5,4,3,4,3,3
1195,3,4,3,4,4,5,4,4,5,5,5,4,5,4,4,5,5,5,5,5,4,2
1196,5,4,3,4,5,5,3,4,5,5,5,4,5,4,5,4,5,5,5,5,4,4
1197,4,3,3,3,4,5,4,4,4,4,3,4,5,3,3,4,5,5,4,5,3,3
1198,4,4,4,4,5,5,5,4,5,4,4,4,4,5,4,4,4,4,5,5,4,3
1199,3,4,3,4,3,4,3,3,4,4,5,4,4,4,4,4,4,4,5,3,3,4
1200,5,,4,4,4,4,4,4,4,3,3,4,4,4,5,4,4,4,4,4,4,5
1201,3,4,3,3,5,5,4,4,4,4,4,5,4,4,4,4,5,4,5,5,3,3
1202,4,4,4,4,4,3,3,4,4,4,3,5,5,4,4,5,5,5,4,4,4,3
1203,5,4,4,4,4,5,5,5,4,4,5,5,5,5,5,4,5,5,5,5,4,4
1204,3,4,4,4,4,4,3,4,4,4,4,5,5,5,4,5,5,5,5,5,4,4
1205,5,3,4,4,4,5,5,5,4,5,4,5,5,5,5,5,5,5,4,5,4,4
1206,5,4,3,3,5,5,3,3,4,4,5,5,5,4,5,4,5,5,4,5,4,3
1207,4,4,4,4,4,5,5,4,4,5,5,5,5,3,5,5,5,5,5,4,3,4
1208,3,5,5,4,5,5,4,4,5,5,5,5,5,4,5,5,5,5,5,5,3,4
1209,5,5,4,4,4,5,4,4,5,5,5,5,5,4,6,5,5,5,5,5,4,4
1210,4,5,4,3,4,4,4,4,5,5,3,5,5,4,5,5,5,5,5,5,4,4
1211,5,5,5,,,5,4,3,5,5,5,5,5,1,2,5,5,5,5,5,2,1
1212,4,5,5,5,4,5,5,4,4,5,4,5,5,4,6,5,5,5,5,5,5,5
1213,4,4,3,4,4,5,5,5,4,4,5,5,5,5,5,5,5,5,4,5,4,3
1214,5,4,3,4,4,5,5,5,5,5,5,5,5,5,5,5,5,5,4,5,4,4
1215,2,1,1,2,3,5,3,3,5,1,5,1,4,3,3,1,1,3,4,2,5,5
1216,1,4,2,2,2,4,1,1,4,4,4,2,4,1,2,1,5,1,3,1,1,3
1217,5,2,2,3,3,3,4,5,4,4,3,3,5,5,3,2,4,5,3,5,2,2
1218,2,3,3,3,4,4,4,3,3,3,2,3,2,3,3,2,3,3,4,4,3,4
1219,4,3,3,3,5,5,3,4,5,5,4,4,5,5,5,4,5,5,5,5,4,4
1220,4,4,3,4,4,5,5,5,5,5,5,4,5,5,4,5,5,5,5,4,4,3
1221,4,4,5,4,4,4,5,5,3,4,3,4,5,2,5,3,4,5,5,5,5,5
1222,3,1,1,4,2,5,5,3,3,4,4,4,2,1,7,2,2,3,4,1,3,4
1223,4,4,5,4,5,5,3,4,5,5,5,4,4,3,5,5,5,5,3,5,4,3
1224,1,4,3,3,4,5,1,3,5,5,5,4,5,1,1,2,5,4,5,2,1,1
1225,3,3,3,3,3,5,2,2,3,3,3,4,5,5,4,5,5,5,5,4,4,5
1226,3,3,3,3,4,5,3,3,5,5,5,4,5,2,4,5,5,5,5,5,3,5
1227,4,3,3,2,4,5,4,4,4,4,4,4,5,3,1,2,4,5,4,5,4,4
1228,3,5,4,4,4,5,4,4,5,5,5,4,5,4,5,3,5,5,5,5,4,3
1229,5,4,4,4,4,4,4,4,4,4,3,4,4,4,5,4,4,4,5,5,5,4
1230,3,5,4,5,4,4,4,5,5,4,3,4,4,4,7,3,5,3,4,5,5,4
1231,5,4,4,5,5,5,5,5,5,5,5,4,5,5,6,5,5,5,5,5,5,4
1232,3,4,3,4,4,4,3,4,3,4,3,4,5,4,2,5,5,5,5,5,2,3
1233,5,5,3,4,4,5,5,,4,3,4,4,5,3,,4,5,5,5,5,3,4
1234,5,5,5,5,5,5,5,5,5,5,5,5,5,5,7,5,5,5,5,5,5,5
1235,5,5,5,5,4,5,5,5,5,5,5,5,5,5,6,5,5,5,5,5,5,5
1236,5,3,,,5,3,1,5,5,4,4,5,5,5,7,1,5,5,5,5,5,3
1237,5,5,4,5,5,5,5,5,4,5,5,5,5,5,6,5,5,5,5,5,5,4
1238,5,5,5,5,5,5,5,5,3,5,4,5,5,5,7,5,5,5,5,5,5,5
1239,5,4,3,4,4,5,5,5,5,5,5,5,5,5,6,5,5,5,5,5,5,5
1240,3,4,4,5,5,4,4,4,4,5,3,5,5,4,5,5,5,5,5,5,4,4
1241,4,5,5,5,5,5,5,5,4,5,5,5,5,4,5,4,5,5,5,5,5,3
1242,5,5,3,5,5,5,5,5,5,5,4,5,5,5,5,5,5,5,5,5,5,4
1243,5,5,5,5,4,5,5,5,4,5,5,5,5,5,7,4,5,5,5,5,5,4
1244,5,5,3,4,5,5,4,4,5,5,5,5,5,4,6,5,5,5,5,5,2,4
1245,5,5,4,5,4,5,5,5,5,5,4,5,5,5,6,5,5,5,5,5,5,5
1246,5,5,5,5,5,4,5,5,3,5,3,5,5,5,7,5,5,5,5,5,5,5
1247,3,5,5,5,5,5,5,5,5,5,5,5,5,5,5,5,5,5,5,5,5,5
1248,4,5,5,5,4,5,5,4,5,5,5,5,5,4,5,5,5,5,5,5,4,4
1249,5,5,5,5,5,5,5,5,5,5,5,5,5,5,7,5,5,5,5,5,5,5
1250,2,5,5,3,4,5,5,4,4,5,4,5,5,5,7,5,5,5,5,5,5,5
1251,5,5,5,5,5,5,5,5,5,5,5,5,5,5,5,5,5,5,5,5,5,3
1252,4,5,5,5,5,5,5,5,5,5,5,5,5,5,7,5,5,5,5,5,5,5
1253,5,5,2,5,5,5,5,5,5,5,5,5,5,3,5,5,5,5,5,5,5,2
1254,4,4,5,4,5,4,4,5,3,5,3,5,5,4,,5,5,5,5,5,5,3
1255,4,5,5,4,5,5,5,5,5,5,5,5,5,5,7,5,5,5,5,5,5,5
1256,4,4,4,3,4,5,3,5,5,5,5,5,5,3,5,5,5,5,5,5,5,4
1257,5,5,3,5,5,5,5,5,5,5,5,5,5,5,7,5,5,5,5,5,5,5
1258,4,5,4,4,4,4,5,5,4,5,4,5,5,4,6,4,5,5,5,5,4,4
1259,4,2,5,5,5,5,5,5,5,5,5,5,5,4,3,4,4,5,5,5,2,2
1260,4,3,5,5,5,5,5,5,5,5,5,5,5,3,7,5,5,5,5,4,5,5
1261,4,4,4,4,5,4,5,4,4,5,4,5,5,4,6,5,5,5,5,5,4,5
1262,5,5,4,4,5,5,4,4,5,5,5,5,5,5,4,4,5,5,5,5,4,3
1263,2,5,3,3,4,,4,2,5,5,5,5,5,5,7,5,5,5,5,5,5,2
1264,5,5,5,5,5,5,5,5,5,5,5,5,5,4,5,5,5,5,5,5,5,4
1265,5,5,4,4,5,5,5,4,5,5,5,5,5,3,7,5,5,5,5,5,5,5
1266,2,3,3,3,,4,1,1,2,5,4,3,4,2,5,2,5,4,3,3,5,2
1267,3,3,3,3,,5,,,,5,4,3,3,2,,,,,,,5,5
1268,1,3,4,3,2,4,1,2,3,4,5,2,4,4,3,2,3,3,4,2,2,3
1269,3,3,5,4,3,4,5,5,5,4,4,3,2,3,5,4,4,3,3,3,4,2
1270,3,4,4,4,4,4,4,3,1,3,2,3,3,4,3,3,3,3,3,3,3,3
1271,4,3,4,4,4,1,2,3,2,2,1,5,5,4,4,2,2,3,4,2,2,3
1272,2,2,3,2,3,2,2,1,4,3,3,1,1,3,3,1,1,1,1,2,2,3
1273,3,4,4,3,3,5,3,2,4,4,5,2,3,3,2,2,3,3,3,3,2,3
1274,3,3,4,1,3,4,4,1,3,1,1,2,4,4,3,1,1,3,2,2,4,1
1275,3,3,5,4,5,5,5,3,5,5,5,3,3,3,6,2,3,3,4,4,4,4
1276,3,2,4,4,3,5,5,4,3,2,2,3,4,4,5,2,3,3,2,4,2,2
1277,3,3,4,3,4,3,3,3,3,3,4,3,3,3,4,2,3,2,3,4,3,3
1278,5,3,4,5,5,5,5,5,3,3,3,3,4,5,5,3,3,3,4,4,4,4
1279,5,3,4,4,3,3,3,3,3,3,2,3,4,3,3,3,,3,4,4,3,2
1280,4,3,3,4,4,5,,3,5,5,5,4,5,4,4,5,5,5,4,5,5,5
1281,4,5,4,4,4,4,4,5,4,4,2,4,5,5,2,5,5,5,5,5,3,3
1282,3,4,4,3,5,5,4,3,5,5,5,4,4,3,3,2,4,4,4,3,4,4
1283,3,4,4,2,4,5,5,2,4,5,3,4,3,3,5,3,5,3,5,3,4,3
1284,3,3,4,4,4,4,4,4,4,4,4,4,3,4,5,3,4,3,4,4,3,4
1285,3,4,3,4,4,3,3,4,3,3,2,4,3,3,5,4,4,5,3,4,4,2
1286,,3,5,4,2,4,5,1,2,2,4,1,3,4,3,3,1,2,5,3,5,4
1287,3,2,1,5,3,5,2,3,5,5,5,2,4,4,3,3,5,5,5,4,1,2
1288,4,3,4,3,4,4,4,3,4,4,4,3,4,4,5,3,4,4,4,4,3,3
1289,4,4,3,4,4,2,4,4,1,1,3,3,4,4,5,4,4,5,4,4,4,4
1290,3,4,5,3,4,4,3,2,3,5,3,3,3,3,6,3,3,3,5,5,5,2
1291,4,3,3,3,4,4,3,3,5,4,4,3,4,3,4,2,3,3,3,3,3,3
1292,1,3,4,3,3,4,4,3,4,4,3,3,4,3,4,2,3,4,4,5,3,2
1293,4,3,3,3,4,5,4,3,4,4,4,3,4,3,3,2,3,4,3,3,3,4
1294,4,4,3,5,4,3,4,5,3,3,3,3,4,4,5,3,4,5,3,5,3,3
1295,4,4,3,4,4,3,3,3,3,3,3,3,4,3,4,3,3,3,4,3,4,4
1296,3,3,3,3,3,4,4,3,,3,4,3,3,3,4,3,4,4,3,3,3,2
1297,1,3,3,4,4,4,4,2,4,3,3,3,3,3,5,2,2,4,2,2,4,4
1298,2,3,3,3,4,4,2,3,4,4,4,3,3,2,5,3,4,3,3,3,4,3
1299,3,4,4,3,5,3,4,3,3,3,3,3,4,3,5,3,3,4,4,3,4,4
1300,4,4,4,4,4,3,5,4,2,3,3,3,4,3,5,3,5,5,4,4,3,4
1301,4,4,3,4,3,3,5,5,2,3,3,4,5,4,3,4,4,4,5,4,2,2
1302,3,4,4,3,4,4,4,3,4,4,4,4,4,3,4,5,5,5,4,4,3,4
1303,4,4,4,4,4,4,4,4,4,4,4,4,4,4,5,4,4,4,4,4,4,4
1304,3,4,4,4,4,2,4,4,3,3,3,4,4,4,4,4,4,4,4,4,4,4
1305,5,5,5,4,4,4,4,4,4,4,4,4,4,4,5,4,4,4,4,4,4,4
1306,3,4,4,4,4,4,4,4,4,4,4,4,4,4,5,3,4,4,4,4,4,4
1307,4,3,4,4,4,4,4,4,4,4,4,4,4,4,5,3,4,4,4,4,4,4
1308,4,4,4,4,4,5,4,4,4,4,3,4,4,4,5,3,3,4,4,4,4,4
1309,4,4,4,4,4,4,4,4,4,4,4,4,5,5,5,4,4,4,3,4,4,3
1310,4,4,3,4,5,4,5,5,5,3,4,4,4,5,4,4,4,5,5,5,5,4
1311,4,3,4,4,4,5,5,5,5,5,5,4,5,5,3,5,5,5,5,5,4,4
1312,1,3,5,4,5,5,2,2,4,5,5,4,4,1,5,2,5,5,4,4,4,4
1313,4,5,3,4,5,5,5,5,5,5,5,5,5,5,3,5,5,5,4,5,3,4
1314,5,5,3,5,5,5,5,5,5,5,5,5,5,4,5,5,5,5,4,5,3,3
1315,4,5,4,4,4,4,4,4,4,4,4,5,5,4,5,5,5,5,5,4,4,4
1316,4,4,4,4,4,5,4,3,5,5,5,5,5,4,5,4,5,5,5,4,4,4
1317,3,4,4,4,5,4,4,4,3,4,3,5,5,,6,5,5,5,5,5,5,5
1318,4,5,5,5,5,5,5,5,5,5,4,5,5,5,5,5,5,5,4,5,5,5
1319,5,5,4,4,5,5,5,4,5,5,5,5,5,4,5,5,5,5,4,4,3,3
1320,5,5,5,5,4,5,5,5,5,5,4,5,5,5,7,5,5,5,5,5,5,5
1321,5,5,4,4,5,3,5,5,4,4,4,5,5,5,7,5,5,5,5,5,3,3
1322,3,3,4,5,5,4,5,4,3,3,4,3,4,5,2,3,5,4,3,5,4,3
1323,1,3,1,4,4,5,2,3,4,5,5,3,3,4,4,2,4,3,4,4,5,4
1324,3,4,3,3,3,4,3,4,4,4,3,3,4,4,5,3,4,4,4,4,3,4
1325,5,3,3,3,3,5,5,3,2,3,3,3,3,3,4,5,5,5,5,5,4,3
1326,2,2,3,3,4,4,4,3,2,3,3,3,4,3,2,1,2,2,3,3,2,3
1327,3,4,4,3,4,4,4,3,4,4,4,3,4,3,4,4,3,3,4,4,3,4
1328,3,4,5,3,4,4,4,3,3,4,3,3,4,4,4,3,4,3,4,4,4,3
1329,5,4,3,3,4,5,3,4,3,4,5,3,4,5,5,5,5,5,4,5,4,3
1330,3,3,3,4,4,4,3,4,3,3,3,4,4,4,4,4,4,3,4,3,3,4
1331,3,4,4,3,4,4,4,4,4,4,4,4,4,4,5,4,4,4,4,4,4,4
1332,5,4,3,5,4,5,5,5,4,5,5,4,5,4,4,5,5,5,3,5,4,3
1333,5,4,4,4,4,4,4,4,5,5,4,4,4,4,5,5,5,5,3,4,4,3
1334,3,3,2,3,5,3,4,5,2,3,2,4,5,5,4,5,5,5,5,4,3,2
1335,3,4,4,4,4,5,4,4,5,5,5,4,4,4,5,4,5,5,4,5,3,3
1336,5,4,3,4,4,3,4,3,3,3,3,4,5,3,4,4,5,4,5,5,4,3
1337,4,4,4,3,4,4,4,4,4,4,4,4,4,3,5,4,4,4,4,4,4,4
1338,5,5,5,4,5,5,5,5,4,5,4,4,5,4,6,4,4,4,5,5,5,5
1339,4,4,4,4,,5,4,4,5,5,5,4,4,2,5,,4,5,4,3,4,3
1340,4,5,5,5,4,4,5,4,3,3,3,4,4,4,6,4,4,4,4,5,4,4
1341,5,5,4,4,4,5,5,5,4,5,5,4,5,5,5,5,5,5,4,5,4,4
1342,5,4,2,3,4,4,4,4,4,4,4,4,5,4,5,4,4,5,4,4,4,4
1343,3,4,4,4,4,4,5,3,3,4,3,4,4,4,6,4,4,4,4,4,4,4
1344,4,4,4,5,5,5,4,5,4,5,4,4,5,4,5,4,5,5,4,5,4,5
1345,5,5,5,5,5,4,4,4,3,4,2,4,5,5,5,3,5,5,5,5,4,4
1346,4,5,5,4,4,5,4,4,3,5,4,4,5,4,5,4,5,5,5,5,4,4
1347,5,4,4,5,4,5,5,4,2,4,2,4,4,4,6,2,5,5,2,5,3,4
1348,4,4,4,4,4,5,5,5,5,5,5,5,5,5,5,5,5,5,4,5,4,3
1349,4,5,4,3,3,4,3,4,5,5,4,5,5,4,4,5,5,5,5,5,4,3
1350,3,5,4,4,5,4,4,5,3,3,3,5,5,5,5,5,5,5,4,5,4,4
1351,5,5,3,4,4,4,3,3,4,4,5,5,5,4,3,4,5,4,5,4,5,3
1352,4,5,5,5,5,4,4,4,4,4,4,5,5,4,6,5,5,5,5,5,5,5
1353,5,4,4,3,4,4,5,4,5,5,5,5,5,4,4,5,5,5,5,5,4,4
1354,3,4,4,4,5,4,4,4,3,4,4,5,5,5,5,4,5,5,4,5,5,4
1355,3,4,4,4,3,2,5,3,2,2,2,5,5,4,6,5,5,5,5,5,4,5
1356,4,5,4,4,4,4,3,4,4,4,4,5,5,4,4,5,5,5,4,4,4,3
1357,5,5,4,4,5,5,4,4,5,5,5,5,5,4,5,5,5,5,5,5,5,4
1358,5,5,5,5,4,5,5,4,4,5,4,5,4,4,4,4,4,5,5,5,5,4
1359,4,4,5,4,4,3,4,4,3,3,3,5,4,4,5,4,5,5,4,5,3,4
1360,5,4,4,4,3,5,5,5,4,5,4,5,4,5,4,5,5,5,5,5,4,5
1361,3,5,5,4,5,3,5,5,3,4,3,5,4,4,6,4,4,5,5,5,4,4
1362,4,3,3,4,4,4,4,4,2,3,2,5,5,4,4,4,5,5,5,5,4,4
1363,4,4,4,3,4,4,5,5,4,4,4,5,5,5,6,4,4,5,5,5,5,4
1364,5,5,4,4,4,5,4,3,5,5,5,5,5,4,5,5,5,5,5,5,5,3
1365,4,4,5,5,5,4,5,5,4,4,4,5,5,5,6,3,5,5,5,5,4,4
1366,4,5,5,5,5,4,5,5,4,4,4,5,5,5,6,5,5,5,5,5,5,5
1367,2,5,4,4,4,4,4,3,4,4,3,5,5,5,5,5,5,5,4,4,4,3
1368,5,5,4,5,5,5,5,5,5,5,4,5,5,5,5,5,5,5,5,5,5,5
1369,2,3,3,2,3,5,4,2,4,5,4,2,2,2,2,1,3,3,2,2,2,2
1370,3,2,3,2,4,5,1,2,4,4,5,2,3,3,2,1,2,1,4,2,3,5
1371,4,2,4,5,4,5,4,4,5,5,4,2,4,4,5,1,2,3,4,4,2,4
1372,4,4,5,3,4,3,5,3,4,4,3,3,4,5,6,3,3,4,4,5,4,4
1373,,4,3,4,3,5,4,4,4,4,4,3,4,3,6,3,4,5,4,4,5,4
1374,5,5,5,,5,5,3,5,4,4,4,3,5,5,5,3,5,5,5,5,3,4
1375,4,4,5,5,5,5,5,5,5,5,4,3,4,3,5,5,3,5,5,4,2,4
1376,5,3,3,3,5,5,5,5,3,5,5,3,3,5,7,5,5,5,3,5,3,4
1377,5,3,2,4,4,5,3,5,5,5,4,4,5,5,7,3,5,5,5,5,3,3
1378,5,5,3,5,5,5,5,5,5,5,5,4,5,5,6,5,5,5,5,5,3,4
1379,5,5,3,4,4,3,4,4,4,4,5,4,4,4,5,5,5,5,4,5,2,4
1380,3,3,2,3,4,5,3,4,4,5,5,4,4,4,3,4,5,5,4,5,3,4
1381,5,5,4,4,4,3,4,4,3,3,3,4,4,5,5,5,5,5,4,5,3,4
1382,5,5,2,4,4,5,4,5,5,5,5,4,5,4,3,1,3,5,5,5,2,1
1383,4,4,4,4,4,4,4,3,3,5,4,4,5,4,5,4,5,5,5,5,4,4
1384,3,4,3,4,5,3,4,4,3,5,4,4,4,3,6,3,4,5,4,5,4,3
1385,3,3,4,3,5,5,4,4,5,5,4,4,5,5,4,4,5,5,4,5,3,5
1386,2,4,3,5,3,5,4,5,5,5,5,4,4,3,5,5,5,5,4,4,4,3
1387,5,5,5,3,5,5,4,4,5,5,5,4,5,4,5,5,5,5,4,5,3,3
1388,4,3,3,3,4,5,5,4,4,5,5,4,5,5,5,5,5,5,4,4,3,3
1389,5,5,5,4,4,5,3,4,5,5,4,4,5,4,6,4,5,5,5,4,4,4
1390,5,4,5,5,5,5,5,5,4,4,3,4,5,5,7,4,4,3,5,5,5,5
1391,5,4,4,4,4,5,5,5,3,5,4,4,5,5,7,2,4,5,5,4,5,4
1392,3,3,3,4,4,4,2,5,3,4,4,4,5,5,4,4,5,5,3,4,4,3
1393,3,4,3,5,4,4,5,5,4,4,4,4,5,4,7,4,4,4,4,5,5,5
1394,5,3,3,4,4,5,,4,5,5,5,4,5,4,3,5,5,5,3,5,2,2
1395,3,5,5,4,5,5,3,5,5,5,5,4,5,4,5,5,5,5,5,5,5,4
1396,5,4,5,4,5,4,4,5,4,4,4,4,5,5,4,3,4,5,5,5,4,3
1397,3,5,5,5,5,5,5,5,4,5,4,4,4,5,7,4,4,5,5,5,5,4
1398,4,5,5,5,5,5,5,5,5,5,5,4,5,5,6,5,5,5,5,4,5,2
1399,5,3,4,4,3,5,5,5,5,5,5,4,5,5,5,4,5,5,5,5,5,4
1400,2,5,4,3,4,5,3,3,5,5,5,4,4,5,2,5,5,5,3,4,2,2
1401,5,5,5,5,5,5,5,5,5,5,5,4,5,5,4,4,5,5,5,5,5,5
1402,5,4,4,5,5,5,5,4,5,4,5,4,5,5,6,5,5,5,5,5,4,4
1403,4,5,4,,3,5,5,3,5,5,5,4,5,5,5,5,5,5,5,5,5,3
1404,5,4,3,3,3,5,5,5,4,4,4,4,5,4,4,2,5,5,4,5,5,3
1405,4,4,5,4,5,4,5,5,4,,5,4,5,5,4,5,5,5,5,5,5,3
1406,3,5,5,4,5,5,4,4,5,5,4,5,5,4,6,5,5,5,5,5,4,5
1407,5,5,5,5,5,5,5,5,3,5,4,5,5,5,5,5,5,5,5,5,5,5
1408,4,5,5,5,5,5,5,5,4,5,5,5,5,5,5,5,5,5,5,5,5,5
1409,5,5,5,5,5,5,5,5,5,5,4,5,5,5,7,5,5,5,5,5,5,5
1410,5,5,5,5,4,5,5,5,5,5,4,5,5,5,6,5,5,5,5,5,5,5
1411,5,4,4,5,5,5,5,5,5,5,5,5,5,5,7,5,5,5,5,5,5,5
1412,5,5,3,5,4,5,5,5,5,5,5,5,5,4,5,5,5,5,5,5,5,4
1413,4,5,4,5,5,5,5,5,5,5,5,5,5,3,5,5,5,5,5,5,4,4
1414,5,5,4,5,5,5,5,5,5,5,5,5,5,5,7,4,5,5,5,5,4,4
1415,5,4,4,4,4,5,4,3,4,4,4,5,5,3,4,4,4,5,5,5,4,3
1416,3,5,3,4,5,5,5,5,4,4,5,5,5,5,5,5,5,5,5,5,4,5
1417,5,5,5,5,5,5,5,4,5,5,4,5,5,5,6,5,5,5,5,5,5,5
1418,5,4,4,4,5,5,5,5,5,5,5,5,5,5,5,5,5,5,5,5,5,5
1419,5,5,5,4,5,5,5,4,5,5,5,5,5,5,5,5,5,5,5,5,4,3
1420,5,5,5,5,5,5,5,5,5,5,5,5,5,4,7,5,5,5,4,5,5,5
1421,5,5,4,5,5,5,5,5,5,5,5,5,5,5,7,5,5,5,4,5,5,4
1422,4,5,4,4,4,4,5,5,4,4,3,5,5,4,6,5,5,5,5,4,4,5
1423,5,5,4,5,5,5,5,4,5,5,5,5,5,5,6,4,5,5,4,5,5,4
1424,4,5,5,5,5,5,5,5,5,5,5,5,5,5,7,5,5,5,5,5,5,5
1425,5,5,5,5,4,5,5,5,5,5,4,5,5,5,7,5,5,5,5,5,5,5
1426,4,5,5,5,4,5,5,5,4,4,4,5,5,5,7,5,5,5,5,5,5,5
1427,5,5,4,4,5,5,4,4,5,5,4,5,5,5,7,5,5,5,5,5,5,3
1428,5,4,5,5,5,5,5,5,4,5,4,5,5,5,7,5,5,5,5,5,5,5
1429,3,4,3,5,5,5,5,5,5,5,5,5,5,5,4,5,5,5,5,5,4,4
1430,5,4,5,4,4,4,4,4,4,4,4,5,5,5,4,5,5,5,5,5,3,4
1431,4,5,3,4,3,4,5,4,4,5,4,5,5,4,6,5,5,5,5,5,5,4
1432,5,5,5,5,5,5,5,5,5,5,5,5,5,5,5,5,5,5,5,5,3,4
1433,5,4,5,5,5,4,5,5,3,5,3,5,5,5,6,5,5,5,5,5,3,5
1434,5,5,5,4,5,5,5,,5,5,5,5,5,5,6,5,5,5,4,5,5,4
1435,5,4,3,3,4,5,5,4,5,5,5,5,5,4,6,5,5,5,5,5,4,3
1436,5,4,4,5,5,5,5,5,5,5,5,5,5,5,6,5,5,5,5,5,4,4
1437,3,5,5,4,4,4,5,4,4,5,5,5,5,4,5,5,5,5,5,5,5,5
1438,5,5,5,5,5,5,5,5,5,5,5,5,5,5,6,5,5,5,5,5,5,4
1439,5,5,4,5,5,5,5,5,5,5,5,5,5,5,6,5,5,5,5,5,5,4
1440,5,5,5,5,5,,,5,5,5,5,5,5,5,6,5,5,5,5,5,5,4
1441,4,5,5,5,5,5,5,4,5,5,5,5,5,5,7,5,5,5,5,5,5,5
1442,5,5,5,5,5,3,5,5,3,5,4,5,5,5,7,5,5,5,5,5,3,4
1443,5,5,4,3,5,5,5,4,4,4,5,5,5,5,7,5,5,5,5,5,5,4
1444,4,5,5,5,5,5,5,5,5,5,5,5,5,5,5,5,5,5,5,5,3,4
1445,5,5,4,4,3,5,5,5,5,5,4,5,5,3,4,5,5,5,5,5,4,3
1446,4,5,5,5,5,5,5,4,5,5,5,5,5,4,6,5,5,5,5,5,4,4
1447,5,5,5,5,5,5,5,5,4,5,5,5,5,5,7,5,5,5,3,5,5,3
1448,5,4,4,4,4,4,5,4,4,3,4,5,5,5,4,3,5,5,4,4,2,2
1449,5,5,5,5,5,4,5,5,3,5,5,5,5,4,7,4,5,5,5,5,5,3
1450,5,5,3,5,3,5,5,5,5,5,5,5,5,5,7,5,5,5,5,5,5,5
1451,4,5,5,3,4,5,5,3,5,5,3,5,5,4,7,5,5,5,5,5,4,5
1452,5,5,5,5,5,5,5,5,5,5,4,5,5,5,6,5,5,5,5,5,5,5
1453,5,5,5,5,5,4,4,4,5,5,4,5,5,4,6,5,5,5,5,5,5,5
1454,5,4,4,4,5,5,4,4,5,5,5,5,5,4,5,5,5,5,5,5,3,3
1455,5,5,4,5,5,5,5,5,5,5,5,5,5,5,6,5,5,5,5,5,5,5
1456,5,5,5,5,5,3,5,5,2,3,2,5,5,5,5,5,5,5,5,5,5,5
1457,4,5,4,4,4,5,5,4,5,5,5,5,5,4,6,4,4,5,5,5,5,3
1458,5,5,5,5,5,5,5,5,5,5,5,5,5,5,6,5,5,5,5,5,5,5
1459,4,4,4,5,5,3,4,5,2,3,3,5,5,4,5,5,5,5,5,4,3,3
1460,5,5,5,5,5,5,5,5,5,5,5,5,5,5,7,5,5,5,5,5,5,5
1461,5,2,1,1,2,3,2,2,3,3,3,1,1,1,2,1,1,1,1,1,2,2
1462,5,5,5,5,5,3,5,5,1,1,1,5,5,5,7,3,3,3,5,5,5,5
1463,5,5,5,3,3,4,4,4,5,5,4,5,5,4,6,4,5,5,5,5,4,5
1464,5,3,3,4,4,3,4,3,2,3,2,3,4,3,4,3,4,3,3,3,3,2
1465,3,3,4,2,3,4,3,2,4,4,4,3,2,3,6,2,3,3,3,4,3,4
1466,3,3,3,4,4,3,3,3,3,3,3,3,3,3,3,3,3,3,3,3,3,3
1467,1,2,2,1,2,3,1,1,1,2,3,2,4,4,2,1,3,5,3,4,3,2
1468,3,,1,2,3,4,5,3,4,4,4,3,3,2,3,1,3,3,2,3,3,2
1469,2,3,4,3,3,2,3,2,2,3,2,3,3,2,4,2,3,2,3,2,4,3
1470,2,3,4,3,5,5,5,5,5,5,5,3,5,2,6,2,5,3,4,3,4,5
1471,4,4,4,4,4,4,4,4,3,3,3,3,3,4,5,2,4,3,4,4,4,3
1472,4,3,4,4,4,4,4,4,4,4,4,4,4,4,6,3,4,4,4,4,4,4
1473,2,3,3,4,4,4,3,4,4,4,3,4,4,4,4,5,5,5,4,5,3,4
1474,3,3,2,3,3,2,4,3,2,2,2,4,4,3,3,4,4,4,4,4,3,3
1475,4,4,3,4,3,4,5,4,3,3,4,4,3,4,4,3,3,4,3,3,4,3
1476,,4,4,4,4,4,4,4,4,4,3,4,3,3,5,4,4,4,5,4,4,4
1477,4,4,5,5,4,4,5,3,5,5,4,4,4,4,7,5,4,4,5,5,5,4
1478,2,2,3,4,,4,,,4,4,4,,5,,,4,4,4,4,4,1,4
1479,1,4,3,2,2,5,5,3,4,4,4,1,1,2,6,1,4,3,2,1,1,2
1480,5,3,4,4,4,5,4,4,4,5,4,2,5,5,6,4,4,5,2,5,4,2
1481,4,4,4,3,5,3,5,4,2,3,2,3,5,5,4,2,3,4,4,4,3,5
1482,,3,3,2,3,5,4,4,4,4,5,3,4,4,3,2,3,3,4,4,4,4
1483,3,3,3,2,4,5,2,3,5,5,5,3,3,2,3,2,3,3,2,3,2,3
1484,3,3,4,4,4,4,4,4,4,4,4,3,4,4,4,3,3,4,4,4,4,4
1485,2,4,5,4,3,4,5,4,4,4,3,3,4,4,6,3,4,5,4,5,4,4
1486,5,4,4,4,4,4,5,4,3,3,3,3,5,4,7,3,4,5,5,4,5,4
1487,5,3,5,4,5,3,5,4,3,3,3,3,4,5,5,3,3,5,3,4,3,1
1488,3,3,4,4,4,4,4,5,3,4,3,3,5,4,6,4,4,4,4,4,4,4
1489,4,3,2,2,3,3,3,2,3,3,3,3,3,3,4,3,4,2,3,3,3,2
1490,3,5,3,3,3,2,3,3,3,3,3,3,4,4,4,1,3,3,4,4,4,3
1491,4,,4,,,4,,,2,2,2,3,4,,5,4,3,4,4,4,4,3
1492,5,3,3,4,4,2,4,3,2,2,2,3,4,4,5,3,3,4,3,4,3,3
1493,3,3,3,4,4,4,,,3,2,3,3,5,4,,3,4,5,4,5,3,1
1494,1,4,5,2,4,5,3,1,5,5,5,3,5,3,6,1,4,1,5,1,4,4
1495,4,3,4,4,4,3,4,4,2,2,2,4,4,4,5,4,4,4,4,4,4,2
1496,3,4,4,4,4,4,4,4,3,4,3,4,4,4,5,3,3,4,4,4,4,4
1497,3,4,4,3,4,5,5,3,5,4,5,4,4,3,,3,4,4,3,4,4,3
1498,5,3,4,4,4,4,3,4,4,4,4,4,5,4,5,3,4,5,4,4,4,3
1499,3,4,4,4,4,4,4,4,4,4,4,4,4,4,6,3,4,4,4,4,4,4
1500,4,5,3,3,4,5,4,4,4,5,5,4,5,5,4,5,5,5,4,4,3,3
1501,4,4,5,4,5,3,4,4,3,4,4,4,5,5,5,4,4,4,4,5,4,5
1502,4,4,4,4,4,3,4,4,3,4,4,4,4,4,5,3,4,4,4,5,4,4
1503,3,5,4,5,4,5,5,3,5,5,5,4,4,3,5,4,5,5,5,5,3,3
1504,5,4,4,5,5,4,5,5,3,3,3,4,4,5,7,3,4,4,4,5,5,5
1505,4,4,5,5,4,5,5,5,5,5,5,4,4,4,5,4,4,4,4,4,4,4
1506,,4,4,4,5,5,4,4,4,5,5,4,4,4,5,4,5,5,4,4,4,4
1507,4,4,4,3,4,4,4,4,4,4,4,4,5,4,6,3,4,4,4,4,4,3
1508,4,4,5,4,5,4,5,5,4,4,4,4,5,4,5,4,4,4,5,5,4,3
1509,4,5,5,5,4,4,5,4,5,4,4,4,5,4,5,3,5,4,5,5,5,4
1510,5,4,5,5,4,4,4,4,5,5,5,4,4,4,5,4,4,5,4,4,4,3
1511,3,4,4,4,3,4,3,3,4,4,4,4,4,2,6,4,5,4,4,3,4,4
1512,5,5,5,4,5,4,4,4,3,4,3,4,4,4,5,4,4,4,4,4,3,5
1513,5,3,3,3,5,5,5,4,3,4,3,5,5,5,5,5,5,5,5,5,4,3
1514,5,4,4,4,4,5,4,4,5,5,5,5,5,4,5,4,4,5,5,5,5,4
1515,3,4,4,4,4,4,5,4,4,5,5,5,4,4,6,4,5,4,4,4,5,5
1516,4,4,4,4,5,5,5,4,5,4,4,5,5,3,4,4,4,3,5,5,4,4
1517,3,4,4,4,4,5,5,5,4,4,4,5,4,4,5,3,4,5,4,4,4,4
1518,4,5,5,4,4,5,4,4,5,5,3,5,5,4,5,5,5,5,5,5,5,3
1519,4,3,3,4,4,3,3,3,3,3,2,5,4,3,4,5,5,5,4,5,4,3
1520,5,5,5,5,5,3,5,5,3,3,3,5,5,5,5,5,5,5,4,5,4,3
1521,,4,3,3,5,4,,3,4,4,4,,4,4,,4,4,4,4,4,3,4
1522,4,4,4,4,4,1,4,4,2,1,2,2,5,5,5,1,3,5,5,5,5,4
1523,3,2,4,4,4,3,4,4,1,2,5,2,4,4,4,2,2,2,4,4,2,4
1524,,3,3,4,4,4,,4,3,4,4,3,4,3,,4,5,,4,3,4,4
1525,5,2,2,2,3,4,3,3,3,3,4,3,4,3,2,3,4,3,4,4,3,3
1526,5,3,3,4,4,5,3,2,4,4,4,3,5,4,3,4,5,4,3,5,4,4
1527,4,3,2,3,4,4,3,4,1,3,5,3,5,5,3,3,4,5,5,5,2,1
1528,4,4,5,4,4,4,5,5,3,4,4,3,5,5,3,4,4,5,4,5,4,2
1529,4,4,5,4,3,5,5,4,5,5,4,3,4,4,5,4,5,5,4,4,4,3
1530,4,4,3,4,4,4,4,4,3,3,3,3,4,4,4,3,4,3,4,4,4,4
1531,2,3,4,4,4,5,4,3,4,3,4,3,3,3,5,2,3,3,4,3,5,4
1532,3,4,4,4,5,3,4,4,5,4,4,3,5,4,5,4,5,4,4,4,4,4
1533,3,5,3,4,5,5,3,4,5,5,4,3,4,4,5,5,5,4,4,4,5,3
1534,5,3,4,5,4,4,4,4,4,4,4,3,4,3,5,4,4,4,5,4,5,5
1535,5,4,5,3,4,3,4,5,3,3,3,3,4,3,5,2,5,3,5,5,3,4
1536,1,2,4,4,3,4,2,2,5,4,3,3,4,3,2,3,3,3,4,1,3,3
1537,2,3,4,3,3,5,3,2,5,5,4,3,4,4,6,3,3,4,5,4,2,5
1538,3,3,4,2,3,4,2,3,3,3,3,3,4,3,1,1,3,3,3,3,1,3
1539,3,3,5,5,5,4,4,5,4,3,3,3,4,5,5,2,3,4,4,5,4,2
1540,5,3,4,4,4,3,5,4,3,3,3,3,5,5,6,3,5,5,5,5,4,3
1541,5,3,3,4,5,3,3,4,2,4,3,3,4,3,5,1,2,4,2,4,3,4
1542,5,4,4,4,3,4,4,3,4,4,3,4,4,3,4,3,4,4,4,4,3,4
1543,3,5,5,4,5,4,4,4,3,3,3,4,4,4,6,4,4,4,4,4,4,4
1544,4,4,3,4,4,4,4,4,4,4,4,4,4,3,4,4,4,5,4,4,4,4
1545,3,4,4,4,4,5,4,4,4,5,5,4,4,4,6,4,4,4,5,5,5,4
1546,4,4,4,4,4,5,5,5,4,3,3,4,2,5,5,2,2,4,3,5,5,4
1547,3,4,4,3,4,5,4,4,5,5,5,4,4,3,6,4,4,4,4,4,4,4
1548,4,4,4,4,4,4,4,4,5,5,4,4,4,4,6,3,4,4,4,4,5,3
1549,3,4,4,3,,5,3,4,4,5,4,4,5,3,5,4,5,5,5,4,3,4
1550,5,4,4,4,4,4,4,4,4,4,4,4,4,4,5,4,4,4,4,4,4,4
1551,4,4,4,5,4,5,5,4,4,5,4,4,5,5,5,5,5,4,5,5,4,4
1552,4,4,4,4,5,4,3,4,5,4,4,4,4,4,5,2,4,5,4,4,2,3
1553,4,3,4,3,4,4,4,4,3,3,3,4,4,3,6,4,4,4,3,4,3,4
1554,3,4,4,3,3,4,3,3,4,4,4,4,4,4,5,5,5,5,4,3,4,4
1555,3,4,4,4,4,4,4,4,4,4,4,4,4,4,5,4,4,4,4,4,3,4
1556,4,4,4,4,4,4,4,5,3,4,3,4,4,5,5,4,5,4,4,4,3,4
1557,3,5,5,5,4,4,4,4,4,4,4,4,4,4,5,4,4,4,4,4,4,4
1558,4,3,4,3,4,5,4,4,5,5,4,4,4,3,5,4,5,4,4,5,3,5
1559,4,4,4,4,4,5,5,5,4,5,5,4,4,4,4,4,3,4,4,4,3,4
1560,3,4,4,4,4,4,4,4,4,4,4,4,4,4,6,4,5,5,5,4,5,4
1561,,3,5,4,4,5,4,5,5,5,5,4,5,5,6,4,5,5,5,5,5,4
1562,5,5,4,5,5,4,5,5,3,3,3,4,5,5,,5,5,5,5,5,3,3
1563,5,4,4,4,5,3,4,4,3,3,3,4,5,4,4,5,4,4,4,5,4,4
1564,4,4,5,4,4,5,5,,5,5,4,4,,4,6,5,5,5,4,5,4,4
1565,4,5,5,5,4,5,5,4,5,5,4,4,4,3,6,4,5,4,5,4,5,5
1566,3,4,4,5,4,4,4,4,4,4,3,4,4,4,5,2,4,4,4,4,4,4
1567,3,4,5,4,3,5,3,4,5,5,5,4,5,4,4,4,4,3,4,4,4,4
1568,5,4,4,4,,5,3,3,5,5,4,4,4,4,5,,4,,4,4,4,4
1569,4,4,4,4,4,3,3,4,2,3,3,4,4,4,6,4,4,4,4,4,4,4
1570,4,4,5,4,4,4,4,4,3,4,3,4,4,5,6,5,5,5,4,4,3,5
1571,5,,4,4,4,5,4,4,5,5,4,4,5,5,5,3,3,5,5,5,5,5
1572,5,5,5,4,5,5,5,4,3,4,3,4,5,4,7,4,4,5,4,5,4,5
1573,3,4,4,4,5,5,4,5,5,5,5,4,5,5,6,5,5,5,5,5,4,3
1574,4,4,4,4,4,5,5,4,5,5,5,4,5,4,5,5,5,5,5,5,4,4
1575,3,4,4,3,4,4,4,4,4,5,3,4,4,5,5,3,3,4,5,4,4,5
1576,5,4,3,4,4,4,4,4,4,4,3,4,5,4,5,2,4,4,4,5,3,3
1577,3,3,4,4,4,4,3,4,4,4,4,4,4,3,4,3,4,4,3,4,4,3
1578,5,5,5,4,4,4,5,4,4,4,4,4,4,5,6,5,5,5,4,4,4,5
1579,4,4,5,4,4,4,4,3,4,4,4,4,5,4,5,4,4,5,4,4,4,4
1580,4,5,5,5,5,5,5,5,5,5,5,4,4,3,6,4,4,4,4,4,5,5
1581,4,5,5,4,4,4,5,4,4,4,4,4,4,4,7,4,4,5,4,5,5,4
1582,5,4,4,5,4,4,4,4,4,4,4,4,4,4,5,3,3,3,5,4,5,4
1583,3,4,4,4,4,5,4,4,5,5,5,4,3,4,5,4,5,4,3,4,4,5
1584,4,4,4,4,4,4,5,4,3,4,3,4,5,5,5,4,4,5,4,5,4,5
1585,5,4,4,4,5,5,5,5,4,4,4,4,5,4,6,5,5,5,5,5,5,5
1586,4,4,5,4,4,3,4,3,3,3,3,4,4,4,4,3,3,5,3,4,4,4
1587,5,4,5,5,4,4,5,5,4,5,3,4,5,3,6,4,4,4,4,5,5,5
1588,4,4,4,4,4,5,5,5,4,5,4,4,5,4,6,3,4,4,3,4,4,4
1589,5,5,4,4,4,5,4,4,5,5,5,4,5,5,5,4,5,5,5,5,4,4
1590,4,4,4,4,4,4,4,4,4,4,4,5,4,4,5,4,4,4,4,4,4,4
1591,3,5,5,5,4,5,5,5,5,5,3,5,5,5,7,5,5,5,5,5,4,5
1592,4,4,5,5,5,4,5,4,3,4,4,5,5,5,6,5,5,5,4,5,4,4
1593,4,5,5,5,4,5,4,4,3,5,5,5,4,4,6,4,5,4,4,4,5,5
1594,4,4,4,3,4,5,4,3,5,5,5,5,5,4,5,5,5,5,5,4,4,4
1595,5,5,4,4,5,5,5,4,4,5,4,5,3,5,4,4,5,5,5,4,5,5
1596,3,5,5,4,4,4,5,5,4,4,4,5,5,5,5,5,5,5,5,4,4,4
1597,5,4,5,5,5,4,4,5,4,4,4,5,5,5,6,4,5,5,4,5,5,4
1598,5,5,5,5,5,4,5,5,4,4,3,5,5,5,5,5,5,5,4,5,4,3
1599,5,5,5,5,5,5,5,4,5,4,5,5,5,5,6,5,5,5,5,5,5,5
1600,5,5,5,,4,4,4,3,4,5,4,5,5,3,6,5,5,5,5,5,4,4
1601,5,5,5,5,5,5,5,3,5,5,5,5,5,5,5,5,5,5,5,5,5,5
1602,3,5,5,5,4,5,4,5,5,5,5,5,5,3,4,5,5,5,5,5,4,2
1603,3,4,5,4,4,5,4,4,5,5,5,5,5,3,7,5,5,5,5,4,4,4
1604,5,5,5,5,5,4,4,5,5,4,4,5,5,5,6,5,5,5,5,5,4,4
1605,4,5,5,4,5,4,5,4,4,4,3,5,5,5,6,5,5,5,5,5,5,5
1606,3,5,4,3,3,5,4,3,5,5,4,5,5,3,4,5,5,5,5,5,5,4
1607,5,5,5,5,4,4,5,4,4,5,4,5,5,4,6,1,5,5,5,5,4,4
1608,5,5,5,5,4,5,4,4,5,5,4,5,4,3,5,5,5,5,5,5,4,4
1609,4,5,5,5,4,4,4,5,4,5,4,5,5,4,5,4,4,4,5,5,5,5
1610,5,5,5,5,5,5,5,5,4,5,4,5,5,5,5,5,5,5,5,5,5,5
1611,5,5,5,5,4,4,5,5,4,5,3,5,5,5,6,5,5,5,5,5,5,4
1612,5,3,4,4,4,4,4,5,3,4,4,5,5,5,5,5,5,5,5,5,5,3
1613,5,5,5,5,5,5,5,5,4,5,5,5,5,5,5,5,5,5,4,5,4,5
1614,5,5,5,5,5,5,5,5,5,5,5,5,5,5,6,5,5,5,4,5,5,5
1615,5,4,4,3,4,5,4,4,5,5,4,5,5,4,5,5,5,5,5,5,3,4
1616,5,5,5,5,5,5,5,5,5,5,5,5,5,5,6,5,5,5,5,5,5,5
1617,4,4,5,4,5,5,5,4,5,5,4,5,5,5,6,5,5,5,5,5,3,3
1618,5,5,5,5,5,5,4,5,5,5,5,5,4,4,6,5,5,5,4,5,4,5
1619,4,3,3,3,3,4,3,4,3,4,4,2,3,4,4,2,2,1,2,4,2,3
1620,4,4,3,3,4,4,3,4,4,3,4,3,4,5,2,2,4,4,4,5,4,3
1621,3,4,4,4,4,5,5,4,5,4,5,3,5,4,3,3,5,4,5,4,2,2
1622,3,4,4,5,5,5,5,5,5,5,5,3,4,4,6,3,4,5,5,5,4,3
1623,4,4,4,3,4,5,3,3,5,4,4,3,4,3,6,3,3,3,4,4,5,3
1624,4,4,4,4,4,4,4,4,4,4,4,3,5,3,5,4,5,4,4,4,5,3
1625,3,3,3,4,3,5,3,3,5,4,3,3,3,3,5,3,4,4,3,4,4,4
1626,1,4,3,4,4,4,5,5,5,5,5,3,4,5,4,3,5,3,3,3,2,2
1627,4,1,2,4,3,4,3,2,4,4,4,3,5,4,2,1,4,4,5,4,1,2
1628,4,1,2,4,4,5,1,5,4,4,5,4,3,5,5,2,5,5,1,5,5,5
1629,1,4,4,5,5,5,4,4,5,5,5,4,5,5,5,5,5,5,5,5,4,5
1630,4,3,4,4,4,5,4,4,5,5,5,4,5,4,6,4,5,5,4,4,,4
1631,5,5,4,5,5,5,5,5,4,5,4,4,5,5,7,4,5,5,4,5,5,4
1632,5,5,4,4,5,4,5,4,5,5,4,4,5,3,5,4,5,5,5,5,4,4
1633,4,4,4,4,4,4,3,4,2,2,4,4,4,4,4,3,4,4,4,4,4,2
1634,4,4,4,4,4,5,3,3,5,5,5,4,4,4,2,3,5,3,4,4,5,3
1635,5,4,4,5,4,5,,4,5,5,4,4,5,5,6,3,3,,4,4,4,3
1636,2,5,3,4,4,4,4,4,4,4,1,4,4,4,5,4,4,4,4,4,4,4
1637,2,5,4,4,4,5,3,3,4,4,4,4,5,5,5,5,5,5,5,5,4,4
1638,3,5,4,4,4,4,4,4,4,4,3,4,5,4,5,4,4,4,5,4,4,4
1639,5,4,4,5,5,4,5,5,5,4,4,4,4,5,6,4,3,3,4,5,5,4
1640,5,4,4,5,5,4,5,3,4,4,4,4,4,3,6,3,5,5,4,4,4,4
1641,5,4,3,3,4,4,3,3,3,4,3,4,4,4,5,5,5,5,4,4,5,4
1642,4,4,4,4,4,4,3,4,4,4,4,4,5,5,6,4,5,5,4,4,4,5
1643,3,4,4,5,4,4,4,4,3,4,4,4,5,5,5,5,5,5,4,5,3,4
1644,3,4,4,5,4,3,5,4,2,3,3,4,4,3,6,2,4,3,5,4,5,3
1645,4,5,4,3,4,5,2,3,5,5,5,4,4,3,3,4,5,5,5,4,4,3
1646,,5,5,4,5,5,4,4,5,5,5,4,4,4,6,4,4,4,5,5,5,3
1647,4,4,4,4,5,5,5,4,4,4,5,4,4,2,6,2,4,4,4,5,5,5
1648,4,5,5,5,5,4,5,5,2,5,3,4,5,4,7,4,5,4,5,5,4,4
1649,4,4,5,4,4,4,5,4,4,4,4,4,5,4,6,4,5,5,4,4,4,4
1650,5,5,,5,,2,5,5,2,2,2,4,5,4,7,4,3,5,5,5,4,3
1651,5,4,5,4,5,5,3,,4,5,4,4,5,3,4,5,5,5,2,5,3,5
1652,4,4,5,5,5,5,4,5,3,3,3,4,4,5,7,4,4,4,4,4,4,4
1653,3,5,5,5,5,5,4,5,5,5,4,4,4,5,5,4,4,4,5,5,5,5
1654,5,5,4,5,5,4,4,5,4,4,3,4,4,5,5,3,4,4,4,5,4,4
1655,4,4,3,4,4,4,5,5,4,4,5,4,4,4,6,5,5,5,5,4,4,4
1656,5,4,4,4,5,4,4,5,4,4,4,4,5,3,6,5,5,5,5,5,4,4
1657,3,4,5,4,4,3,3,2,4,4,4,4,5,2,6,3,4,3,4,2,3,3
1658,5,5,5,4,4,5,5,4,4,5,4,4,5,4,5,4,5,4,5,5,3,4
1659,4,3,3,4,4,4,4,5,4,5,4,4,4,4,4,5,5,5,4,4,5,5
1660,3,4,4,4,4,4,5,5,4,5,4,4,5,3,6,3,5,4,4,4,4,4
1661,5,4,3,5,4,5,5,5,5,5,5,4,5,5,7,5,5,5,5,5,5,5
1662,3,4,4,4,5,5,5,4,5,5,4,4,4,3,5,5,5,5,5,5,4,3
1663,5,4,5,3,3,5,3,4,5,5,4,4,5,3,5,4,5,5,3,4,4,3
1664,5,4,4,4,4,4,4,5,4,4,4,4,4,4,6,4,5,4,5,5,4,3
1665,4,5,5,4,4,4,4,4,5,4,4,4,4,4,5,4,5,5,4,5,4,3
1666,4,4,4,4,4,4,4,4,4,4,4,4,4,4,6,1,4,4,4,4,4,4
1667,4,4,4,5,4,5,4,,5,5,5,4,5,4,6,,5,5,5,5,5,4
1668,5,4,5,4,5,3,5,4,3,3,4,4,5,4,5,5,5,5,4,5,4,3
1669,,5,5,5,5,5,5,5,2,3,3,4,4,5,4,5,5,5,3,5,3,4
1670,3,5,4,2,4,5,5,2,5,5,5,4,5,2,6,5,5,5,3,5,3,1
1671,5,4,3,4,4,4,5,5,5,5,4,5,5,5,4,4,5,5,4,5,3,4
1672,5,4,4,5,5,3,5,5,3,4,3,5,5,5,5,3,5,5,5,5,3,3
1673,5,5,5,5,5,5,5,5,5,5,5,5,5,5,5,5,5,5,5,5,5,4
1674,5,5,4,5,5,5,5,5,2,5,3,5,5,5,7,5,5,5,5,5,5,4
1675,4,5,4,4,5,5,5,5,5,5,5,5,5,3,5,4,5,5,5,5,4,3
1676,4,5,5,3,5,5,5,5,5,5,5,5,5,4,6,5,5,5,5,5,4,5
1677,5,5,5,5,5,5,5,5,4,5,5,5,5,4,6,5,5,5,5,5,5,4
1678,5,4,4,5,5,5,4,5,4,5,3,5,5,5,3,5,5,5,5,5,3,3
1679,5,5,4,5,5,5,5,5,5,5,5,5,5,5,5,5,5,5,5,5,4,5
1680,5,5,4,4,3,4,5,5,3,4,4,5,5,5,5,5,5,5,5,5,3,3
1681,5,5,5,5,4,5,5,3,4,5,4,5,4,3,7,5,5,5,4,5,5,5
1682,,4,4,4,4,3,5,5,3,3,2,5,5,4,6,5,5,5,4,5,5,4
1683,3,5,5,5,5,5,4,4,4,4,3,5,5,4,6,5,5,5,5,5,4,4
1684,5,5,4,5,5,3,5,5,3,3,5,5,5,5,7,5,5,5,5,5,3,5
1685,5,4,3,5,5,5,5,5,5,5,5,5,5,5,6,5,5,5,4,4,4,4
1686,5,5,5,5,5,5,5,4,5,5,5,5,5,2,7,5,5,5,5,5,,5
1687,4,4,5,5,4,5,4,4,4,5,4,5,5,5,5,5,5,5,5,5,4,5
1688,3,5,5,5,5,4,5,5,4,4,4,5,5,4,6,5,5,5,5,5,3,3
1689,2,5,5,4,3,5,5,4,4,4,5,5,4,5,6,5,5,5,3,5,3,3
1690,3,5,5,5,4,5,4,4,5,5,5,5,5,5,5,5,5,5,5,5,5,4
1691,5,4,3,4,4,4,4,5,3,5,4,5,5,5,7,5,5,5,5,5,5,5
1692,5,4,3,3,4,5,5,5,5,5,5,5,5,5,7,5,5,5,5,5,5,5
1693,5,5,5,5,5,5,5,5,5,5,5,5,5,5,7,5,5,5,5,5,5,5
1694,5,5,4,4,5,5,4,5,5,5,5,5,5,4,5,5,5,5,5,5,5,5
1695,5,5,5,4,4,5,4,4,4,4,3,5,5,5,5,5,5,5,5,5,4,4
1696,4,4,5,4,4,5,4,4,5,5,5,5,5,4,5,5,5,5,4,5,4,4
1697,4,5,5,5,5,5,5,5,5,5,5,5,5,5,7,5,5,5,5,5,5,5
1698,3,5,4,5,5,5,4,5,5,5,5,5,5,5,5,5,5,5,5,5,5,3
1699,4,4,4,5,3,5,4,4,3,4,4,5,5,5,4,4,5,5,4,5,3,3
1700,5,5,5,5,5,5,5,5,4,4,3,5,5,5,3,4,5,5,5,5,5,5
1701,5,5,5,4,4,5,5,4,5,5,5,5,5,4,5,5,5,5,5,5,5,4
1702,5,5,5,4,5,5,5,5,5,5,5,5,5,4,6,5,5,5,5,5,5,4
1703,5,5,5,5,5,5,5,5,4,4,5,5,5,5,7,4,5,5,5,5,5,4
1704,5,5,5,4,5,5,4,5,5,5,5,5,5,4,6,5,5,5,5,5,4,4
1705,4,4,5,,4,4,4,4,4,4,3,5,5,4,6,5,5,5,5,5,5,5
1706,5,5,5,4,5,5,5,5,4,5,5,5,5,5,7,5,5,5,5,5,5,5
1707,5,5,5,5,5,5,5,5,5,5,5,5,5,5,6,5,5,5,5,5,5,5
1708,3,4,4,5,4,,5,5,,3,4,5,5,5,4,5,5,5,5,5,3,2
1709,5,4,4,5,5,3,4,5,3,4,4,5,5,5,6,5,5,5,5,5,5,4
1710,5,5,4,5,5,5,5,5,5,5,5,5,5,5,6,5,5,5,5,5,5,4
1711,4,5,5,5,5,3,5,5,5,5,5,5,5,,5,1,5,3,5,4,5,3
1712,5,5,5,5,4,4,4,5,4,5,3,5,5,4,6,5,5,5,4,5,4,4
1713,5,5,4,5,5,5,5,5,4,5,4,5,5,5,5,5,5,5,5,5,5,5
1714,5,4,5,5,5,5,5,4,4,5,5,5,5,5,6,5,5,5,5,5,5,4
1715,5,5,5,5,5,5,5,5,3,5,3,5,5,5,6,5,5,5,5,5,5,4
1716,5,5,5,4,5,5,5,4,5,5,5,5,5,4,7,5,5,5,5,5,5,4
1717,5,5,4,4,5,4,5,5,3,5,3,5,5,5,4,5,5,5,4,5,5,5
1718,3,5,5,4,5,4,5,4,4,5,5,5,5,4,4,5,5,5,4,5,3,4
1719,5,5,5,5,5,5,5,5,5,5,5,5,5,5,7,5,5,5,5,5,5,5
1720,5,5,5,4,5,4,4,4,4,5,5,5,5,5,7,5,3,5,4,5,3,3
1721,5,5,5,5,5,5,5,5,5,5,4,5,5,5,7,5,5,5,5,5,5,5
1722,5,5,5,5,5,5,4,5,4,5,3,5,5,5,7,5,5,5,5,5,5,5
1723,5,5,5,5,5,5,5,5,4,5,5,5,5,5,6,5,5,5,5,5,3,4
1724,3,5,4,5,4,5,5,5,5,5,5,5,5,5,7,5,5,5,5,5,5,5
1725,5,5,4,5,5,4,5,5,5,5,5,5,5,5,6,5,5,5,4,5,5,4
1726,5,5,5,5,5,5,5,5,5,2,5,5,5,5,7,1,5,5,5,5,5,5
1727,5,5,5,4,5,5,5,5,5,5,5,5,5,5,6,4,5,5,5,5,5,5
1728,5,5,5,5,5,5,5,5,4,5,5,5,5,4,6,5,5,5,5,5,5,4
1729,5,5,5,5,4,5,5,4,5,5,5,5,5,5,6,5,5,5,4,5,4,5
1730,5,5,5,5,4,5,4,5,5,5,3,5,5,5,6,5,5,5,5,5,4,5
1731,4,4,5,4,3,4,5,5,4,4,5,5,5,3,5,5,4,5,4,5,5,4
1732,5,5,5,5,5,4,4,4,4,4,4,5,5,5,6,4,5,5,5,5,5,5
1733,5,5,5,5,5,4,5,5,4,4,4,5,5,5,6,5,5,5,5,5,5,5
1734,5,5,5,4,5,5,4,4,5,5,5,5,5,4,6,4,5,4,5,5,4,4
1735,5,5,4,3,4,5,4,3,5,5,5,5,5,3,6,5,5,5,4,5,5,5
1736,3,5,5,5,5,5,5,5,5,5,5,5,5,5,6,5,5,5,5,5,5,5
1737,5,5,4,5,5,5,5,5,4,5,4,5,5,5,6,5,5,5,5,5,5,5
1738,3,5,5,5,5,5,5,5,5,5,5,5,5,5,7,5,5,5,5,5,5,5
1739,5,5,5,5,,5,5,5,5,5,5,5,5,5,7,5,5,5,5,5,5,5
1740,5,5,4,5,5,5,5,5,5,5,5,5,5,5,7,5,5,5,5,5,5,5
1741,5,3,5,5,4,5,4,4,4,4,4,5,5,4,5,4,5,5,4,5,5,4
1742,5,4,4,5,5,5,5,5,5,5,4,5,5,5,7,5,5,5,5,5,4,4
1743,5,5,3,5,5,4,5,5,3,5,4,5,5,4,6,5,5,5,5,5,4,4
1744,5,4,4,4,5,5,5,4,5,5,5,5,5,4,6,5,5,5,5,5,4,4
1745,5,4,4,4,5,5,5,5,4,5,4,5,5,5,6,5,5,5,4,5,3,5
1746,5,4,4,4,4,5,5,5,4,4,4,5,5,5,7,3,5,5,5,5,5,5
1747,5,5,4,5,4,5,5,5,5,5,5,5,5,4,5,5,5,5,4,5,4,3
1748,5,5,5,5,5,5,5,5,5,5,5,5,5,5,7,5,5,5,5,5,5,5
1749,4,3,4,5,5,4,5,5,3,4,4,5,5,5,6,4,5,5,5,5,5,4
1750,5,4,5,4,4,4,5,5,4,4,4,5,5,4,6,5,5,5,5,5,5,4
1751,5,5,4,5,4,5,5,5,5,5,5,5,5,5,7,5,5,5,5,5,5,5
1752,4,5,4,5,4,5,5,5,5,5,5,5,5,4,5,5,5,5,5,5,4,4
1753,5,5,4,4,4,5,5,3,5,5,5,5,5,4,6,5,5,5,5,5,4,5
1754,5,4,4,4,5,5,5,5,4,5,4,5,5,5,5,4,5,5,5,5,5,4
1755,5,5,5,4,4,5,5,5,5,4,4,5,5,4,6,3,5,5,5,5,5,5
1756,5,5,5,5,4,5,4,3,5,5,5,5,5,4,5,5,5,5,5,5,5,4
1757,5,4,4,5,5,5,5,5,4,5,5,5,5,5,4,5,5,5,5,5,5,5
1758,4,4,4,5,5,4,5,5,4,5,5,5,5,4,6,5,5,5,5,5,5,5
1759,5,5,4,5,5,5,5,5,5,5,5,5,5,5,6,5,5,5,5,5,5,5
1760,5,5,5,5,5,5,5,5,5,5,4,5,5,5,7,5,5,5,5,5,5,5
1761,4,5,5,4,5,5,5,4,5,5,5,5,5,4,6,5,5,5,5,5,5,4
1762,4,4,4,5,5,4,5,5,4,5,4,5,5,5,5,5,5,5,5,5,4,4
1763,5,5,4,5,5,5,5,5,4,4,5,5,5,5,7,5,5,5,5,5,5,5
1764,5,5,5,5,5,5,4,5,5,5,5,5,5,5,5,5,5,5,5,5,5,4
1765,5,5,5,5,5,5,5,5,5,5,5,5,5,5,6,5,5,5,5,5,5,4
1766,1,5,5,5,5,5,5,5,4,5,4,5,5,5,6,5,5,5,5,5,5,5
1767,5,5,5,5,4,5,5,5,5,5,5,5,5,5,6,5,5,5,5,5,5,5
1768,5,4,5,5,5,5,4,5,4,5,4,5,5,4,7,5,5,5,5,5,5,5
1769,4,4,5,4,5,4,4,4,5,5,4,5,4,5,5,4,4,4,4,4,4,4
1770,4,3,5,5,5,3,4,5,3,3,4,3,5,4,3,3,3,3,5,5,3,4
1771,5,4,4,5,5,4,5,5,5,5,5,5,5,5,7,5,5,5,5,5,5,5
1772,5,5,5,5,5,5,5,5,5,5,5,5,5,5,7,5,5,5,5,5,5,5
1773,1,2,2,4,4,4,3,4,4,4,4,1,3,3,2,1,2,2,2,3,2,2
1774,3,1,2,2,3,5,,1,5,5,4,2,2,5,,1,1,1,2,1,1,5
1775,2,4,5,2,3,5,4,2,4,4,4,3,3,3,6,2,3,2,2,4,4,5
1776,1,3,3,4,2,4,4,4,4,4,4,3,2,3,2,1,2,2,5,2,1,1
1777,3,3,2,4,4,5,4,4,4,4,4,4,4,4,4,4,4,4,4,4,4,3
1778,3,5,5,3,4,4,5,2,5,5,4,5,3,3,4,3,5,5,5,4,4,4
1779,5,2,1,5,4,5,1,5,4,3,3,3,5,5,,3,5,5,5,5,1,3
1780,5,3,3,3,3,4,3,3,4,4,4,3,4,4,3,3,3,3,3,4,3,3
1781,5,3,3,3,4,3,3,3,4,4,4,3,3,4,3,2,2,3,3,4,4,3
1782,4,4,4,4,3,5,3,4,5,5,5,3,4,3,5,5,5,5,3,4,4,2
1783,3,3,5,5,5,5,5,5,5,5,3,3,5,3,6,3,5,5,5,5,5,5
1784,5,3,3,5,3,3,4,5,3,4,3,4,5,5,4,5,5,5,5,5,3,3
1785,4,3,4,4,4,4,4,4,3,5,4,4,4,4,5,3,4,4,4,4,4,5
1786,4,3,3,4,4,3,4,4,3,3,3,4,4,4,4,4,5,4,4,4,4,4
1787,3,4,3,3,3,5,3,3,3,3,4,5,5,3,4,5,5,5,3,4,3,3
1788,5,4,5,5,4,5,5,5,5,5,4,5,5,3,6,5,5,5,5,5,5,5
1789,4,5,5,5,5,5,5,,5,5,5,5,5,5,5,5,5,5,5,5,,5
1790,5,5,5,5,5,4,5,2,3,4,2,5,5,5,7,5,5,5,5,5,5,5
1791,5,4,5,5,5,4,5,5,3,3,3,5,5,5,7,2,5,5,5,5,5,4
1792,3,2,3,4,3,5,3,3,3,2,3,2,4,4,4,1,2,5,5,4,5,5
1793,1,4,5,4,4,5,5,5,5,4,4,2,3,3,5,1,1,2,4,3,5,2
1794,5,5,5,5,5,5,5,5,5,5,5,3,5,5,6,1,3,5,5,5,5,3
1795,5,4,4,5,5,3,5,5,3,4,3,3,5,5,5,3,3,5,5,5,5,2
1796,3,4,3,3,3,4,3,3,4,4,4,3,4,3,5,4,4,4,3,4,3,4
1797,5,4,5,5,2,3,5,5,3,3,3,3,4,5,6,5,4,5,5,5,5,2
1798,5,3,1,3,3,5,5,5,4,4,4,4,4,5,4,4,4,4,4,5,3,4
1799,4,3,3,4,4,4,4,4,4,4,3,4,3,4,5,4,4,3,4,4,3,3
1800,4,4,4,4,3,4,4,4,3,3,4,4,4,3,5,3,4,4,4,3,3,3
1801,3,5,5,4,5,5,5,3,5,5,5,4,4,5,4,5,5,5,5,5,5,3
1802,5,3,4,5,5,5,5,5,4,5,4,4,5,5,6,2,5,5,5,5,4,4
1803,4,5,5,5,5,5,5,4,5,5,5,4,5,5,7,5,5,5,5,5,5,2
1804,3,4,4,2,3,4,3,3,4,4,4,4,4,2,3,4,4,5,4,3,5,4
1805,5,4,5,4,5,5,5,5,5,5,5,4,4,5,6,5,5,5,5,5,5,3
1806,3,4,5,3,5,5,4,3,5,5,5,4,5,3,6,5,5,5,4,3,5,5
1807,4,3,4,4,4,4,5,4,3,4,3,4,5,4,4,3,5,5,4,5,4,3
1808,4,4,5,5,4,5,5,5,3,4,5,4,5,4,5,4,4,5,5,5,5,4
1809,4,4,5,4,4,4,4,4,3,4,4,4,5,5,4,4,4,5,4,4,4,3
1810,3,4,5,3,4,5,3,3,5,5,5,4,3,2,3,3,5,5,5,4,2,3
1811,5,3,5,5,5,4,,5,4,4,4,4,4,5,5,4,4,4,4,4,4,4
1812,4,5,4,4,4,5,3,3,3,4,3,4,4,5,6,4,4,3,3,5,4,2
1813,3,4,5,5,5,4,4,5,3,4,4,4,4,5,7,4,4,5,5,5,5,4
1814,5,3,3,3,3,5,4,2,5,5,5,5,5,2,5,5,5,5,5,5,5,3
1815,5,4,4,3,4,2,5,4,3,3,4,5,5,5,4,4,5,5,5,5,1,2
1816,4,4,5,4,5,5,4,4,5,5,5,5,5,4,7,5,5,5,5,5,5,5
1817,5,5,5,5,5,5,5,5,5,5,5,5,4,4,7,5,5,5,5,5,5,5
1818,5,5,5,4,5,5,5,5,4,3,3,5,5,4,5,4,5,5,4,4,4,4
1819,5,4,4,5,5,3,5,5,2,3,3,5,5,5,5,3,5,5,5,5,3,3
1820,5,5,5,4,5,4,5,5,4,5,4,5,5,5,6,4,5,5,5,5,4,5
1821,5,5,5,5,5,5,5,5,5,5,4,5,5,5,7,5,5,5,5,5,5,5
1822,3,4,5,5,4,4,5,5,4,4,4,5,4,5,6,3,4,3,4,5,5,5
1823,5,5,5,5,5,4,5,5,3,4,3,5,5,5,7,5,5,5,5,5,5,5
1824,4,5,5,4,5,4,5,3,5,5,5,5,5,5,5,5,5,4,5,5,5,5
1825,5,4,3,3,4,4,4,4,3,4,4,5,5,4,5,5,5,5,5,5,4,4
1826,,4,5,4,5,5,5,5,4,5,4,5,5,,7,4,4,5,5,4,5,5
1827,5,5,5,5,4,3,5,5,3,3,3,5,5,5,4,3,5,5,5,5,4,3
1828,5,3,4,5,4,5,3,5,4,4,5,5,5,5,7,5,5,5,5,5,5,5
1829,4,4,5,5,5,5,5,5,4,5,4,,4,5,6,,,,5,5,5,4
1830,5,4,5,,,5,,,5,5,5,,5,,,,4,,5,,4,4
1831,1,4,4,5,4,5,5,5,5,5,5,1,4,5,6,1,1,1,4,5,4,3
1832,4,4,4,4,4,4,4,5,3,3,3,3,4,4,4,3,3,4,4,4,4,4
1833,2,2,5,5,3,4,5,4,4,4,3,3,5,4,5,2,4,4,5,5,3,3
1834,4,4,5,5,4,3,4,5,3,5,4,3,5,5,6,4,5,5,5,5,4,4
1835,4,5,5,3,4,5,4,3,4,4,4,3,3,5,4,3,5,5,5,5,4,2
1836,3,4,4,4,4,5,5,3,5,5,5,3,2,4,7,3,4,3,3,4,5,4
1837,3,4,3,4,4,3,4,4,3,3,3,3,3,4,5,3,3,3,3,4,4,3
1838,5,3,5,5,5,4,5,5,3,3,4,3,4,5,5,3,3,3,4,3,5,4
1839,5,5,5,5,4,2,4,5,2,3,1,3,4,4,4,3,3,5,4,5,4,2
1840,4,3,4,5,3,5,3,5,3,5,3,4,5,3,4,4,5,3,5,5,4,4
1841,4,3,4,4,4,3,4,4,3,3,3,4,4,4,5,1,4,4,3,4,3,2
1842,4,4,4,3,4,5,4,3,5,5,5,4,5,4,4,4,4,4,4,4,4,4
1843,2,5,4,4,4,5,5,5,5,5,5,4,4,4,5,4,4,5,4,4,4,4
1844,5,4,4,3,4,4,4,3,4,4,4,4,4,3,4,4,4,4,4,4,3,3
1845,3,4,5,4,4,5,4,4,3,5,4,4,4,4,6,4,5,4,4,4,4,3
1846,5,5,5,5,5,5,4,5,5,5,5,4,4,4,7,4,4,4,4,5,5,4
1847,5,4,5,5,4,5,4,5,4,4,4,4,4,5,5,3,5,4,4,5,4,4
1848,5,4,5,5,5,4,5,5,3,4,4,4,5,5,6,4,4,5,5,5,5,3
1849,4,5,5,4,4,5,3,4,5,4,4,4,5,5,5,3,5,5,4,4,4,4
1850,2,5,4,4,4,3,4,2,4,4,3,4,4,2,6,5,5,5,5,3,5,3
1851,,4,5,3,4,5,3,4,4,5,4,4,4,4,4,3,5,4,4,4,3,3
1852,5,,5,,5,5,5,5,4,4,4,4,5,5,7,4,4,5,4,5,5,4
1853,5,4,5,4,4,4,4,4,4,4,4,4,4,4,6,4,4,4,4,4,4,4
1854,5,4,5,4,3,5,4,4,5,5,5,4,5,4,6,5,5,4,5,5,5,3
1855,5,4,4,5,5,5,4,4,4,4,5,4,5,5,5,3,4,4,5,4,3,4
1856,4,4,5,4,4,4,4,5,4,4,5,4,5,4,6,4,4,4,5,5,5,4
1857,,5,5,5,5,5,5,5,3,4,4,4,5,5,7,2,5,5,5,5,4,3
1858,,5,4,3,4,5,3,4,5,5,5,4,5,4,4,5,5,5,5,5,4,2
1859,4,5,5,5,5,5,5,5,3,4,3,4,4,4,7,3,3,5,4,5,5,5
1860,4,4,4,4,4,4,4,4,4,4,3,4,4,4,7,2,4,4,4,4,5,4
1861,4,5,5,4,4,5,5,4,5,5,5,4,4,4,7,4,5,5,5,5,5,3
1862,5,5,5,5,5,5,5,4,5,4,5,4,5,4,7,4,5,5,5,5,5,5
1863,2,5,5,5,4,5,4,3,5,5,5,4,3,2,6,3,4,3,3,4,4,3
1864,2,4,3,3,2,4,1,3,3,4,5,4,4,2,1,4,5,5,5,3,5,3
1865,4,4,3,4,4,4,4,4,4,4,4,5,5,5,4,4,5,5,5,4,3,4
1866,5,5,4,5,4,4,5,5,3,4,4,5,5,5,6,5,5,5,5,5,5,5
1867,3,4,4,4,4,5,4,5,4,5,5,5,5,5,6,5,5,5,5,5,5,4
1868,5,5,5,4,5,5,5,5,5,5,4,5,5,5,6,5,5,5,5,5,5,5
1869,3,5,4,5,,4,5,5,4,4,4,5,4,,6,5,5,5,5,5,5,5
1870,5,4,4,4,5,4,5,5,3,3,3,5,5,4,6,5,5,5,5,5,4,5
1871,4,5,5,5,5,4,4,3,4,5,5,5,5,5,7,5,5,5,5,4,5,4
1872,5,5,5,5,5,4,5,5,4,5,3,5,5,5,5,5,5,5,5,5,5,4
1873,3,5,5,5,4,5,5,5,5,5,5,5,5,5,5,5,5,5,5,5,4,2
1874,5,5,4,4,4,4,4,4,3,4,2,5,3,4,6,4,4,5,4,5,5,3
1875,5,4,5,4,5,5,4,5,5,5,5,5,5,4,6,5,5,5,5,5,5,4
1876,5,4,5,4,4,5,5,4,5,5,5,5,5,4,6,4,4,5,4,4,5,4
1877,5,5,5,5,5,3,5,5,3,4,3,5,5,5,7,4,5,5,4,5,5,5
1878,4,3,5,4,5,5,4,3,5,5,5,5,5,4,6,5,5,5,4,5,5,4
1879,,5,5,5,4,5,5,4,4,5,3,5,5,4,5,5,5,5,4,4,5,5
1880,4,4,5,4,5,3,5,4,4,3,3,5,5,4,6,5,5,5,5,5,4,5
1881,4,5,5,5,4,3,5,4,4,4,4,5,4,4,6,5,5,5,4,5,4,5
1882,4,4,5,5,5,5,4,3,5,5,5,5,5,4,6,5,5,5,5,4,5,3
1883,4,4,4,4,4,5,5,2,5,5,5,5,4,5,6,5,5,5,5,4,4,4
1884,5,3,4,2,4,5,2,2,5,5,5,5,5,2,6,5,1,5,5,4,5,5
1885,5,4,4,5,5,5,5,5,5,5,4,5,5,5,6,3,4,4,5,5,3,4
1886,5,5,5,5,5,5,5,5,5,5,5,5,5,5,6,5,5,5,5,5,5,5
1887,3,3,4,4,4,4,4,4,4,4,4,5,5,4,6,5,5,5,5,5,5,5
1888,5,5,5,4,4,5,5,5,5,5,4,5,5,4,7,5,5,5,5,5,5,5
1889,5,4,4,3,4,4,4,4,4,4,4,5,5,4,4,5,5,5,4,5,3,4
1890,5,5,4,5,4,5,4,5,4,5,5,5,5,5,7,5,5,5,5,5,5,4
1891,,4,4,4,4,4,5,4,4,5,4,5,5,4,6,5,5,5,4,5,4,4
1892,5,5,5,5,,5,5,,4,,4,5,5,5,7,5,5,5,5,5,5,4
1893,5,5,5,5,5,4,5,5,3,3,3,5,5,5,6,4,5,5,5,,5,4
1894,4,4,4,3,4,5,4,3,4,5,3,5,5,5,5,5,5,5,4,5,4,4
1895,4,4,3,4,4,4,5,5,4,4,3,5,4,3,6,4,5,4,4,5,4,4
1896,5,5,5,5,5,5,5,5,5,5,5,5,5,5,7,5,5,5,5,5,5,5
1897,5,3,4,5,4,4,2,4,3,3,4,5,5,4,4,3,4,5,5,5,3,3
1898,5,4,4,4,4,4,4,4,3,4,4,5,5,4,5,4,4,5,4,5,5,4
1899,5,5,4,4,4,5,5,5,5,5,5,5,5,5,5,5,5,5,5,5,5,4
1900,5,4,5,3,5,4,5,3,3,3,4,5,5,5,5,5,5,5,4,4,5,3
1901,4,4,4,4,4,4,4,4,4,4,4,5,4,4,6,5,5,5,5,4,4,4
1902,5,5,5,4,5,4,5,5,3,3,3,5,5,5,5,4,5,5,5,5,5,5
1903,5,4,5,5,5,4,5,5,3,4,4,5,5,5,6,5,5,5,4,5,4,4
1904,4,5,5,4,4,5,5,4,4,4,5,5,5,5,6,4,4,5,5,5,5,4
1905,5,4,4,4,4,3,4,3,4,4,3,5,5,3,5,4,5,5,5,5,5,4
1906,5,5,5,5,5,5,5,5,4,5,5,5,5,5,6,5,5,5,5,5,5,4
1907,5,4,,4,5,5,5,5,5,5,5,5,4,4,5,3,5,5,4,5,4,3
1908,4,5,5,5,5,4,5,5,3,3,3,5,5,4,5,5,5,5,5,5,5,5
1909,5,5,5,5,5,5,,,5,5,5,,,,,,,5,,5,,5
1910,5,5,5,3,4,5,5,3,5,5,5,2,1,4,4,1,2,2,5,3,3,4
1911,5,5,5,4,5,1,5,5,1,1,1,2,5,3,7,1,3,1,3,5,3,1
1912,5,4,4,3,5,5,3,5,5,5,5,2,5,5,3,1,5,3,5,5,4,2
1913,5,3,2,2,5,4,3,5,4,5,5,3,2,5,7,2,3,3,4,5,5,5
1914,5,5,5,5,5,3,5,5,2,5,3,3,5,5,7,5,5,5,5,5,5,5
1915,3,3,4,5,4,3,3,3,3,3,4,3,4,5,3,4,3,4,4,5,3,3
1916,4,4,2,3,3,5,1,4,5,5,5,3,5,4,5,5,5,5,4,4,2,1
1917,5,5,5,5,5,3,5,5,4,4,3,3,5,5,7,3,5,5,5,5,5,5
1918,5,3,5,5,5,3,5,5,3,4,5,3,3,5,4,5,5,5,3,5,5,2
1919,4,2,3,3,3,5,3,3,5,4,5,3,3,2,4,2,3,3,2,4,4,3
1920,4,4,4,3,5,4,5,5,5,5,4,3,4,5,6,4,3,3,4,5,5,4
1921,5,,,4,5,5,5,5,5,5,5,3,4,5,5,2,4,5,5,5,3,3
1922,5,5,5,5,5,3,5,5,3,3,3,3,3,5,7,3,3,5,3,5,3,5
1923,4,4,5,5,5,5,5,5,5,5,5,3,5,5,7,5,5,5,5,5,5,4
1924,5,5,5,5,5,5,5,5,2,2,3,3,5,5,6,5,5,5,5,5,2,5
1925,5,5,2,5,5,2,5,5,2,3,5,3,5,5,3,5,5,5,5,5,1,1
1926,5,5,5,5,5,4,5,5,5,5,4,3,5,5,7,2,5,5,5,5,5,5
1927,4,5,5,4,5,5,5,5,5,5,5,3,5,3,4,3,5,5,5,5,5,4
1928,5,5,4,3,4,5,5,2,4,4,5,3,5,2,5,4,5,5,5,5,5,5
1929,5,4,5,5,5,3,5,5,3,3,5,3,5,5,7,3,5,5,5,5,3,3
1930,1,4,5,5,5,5,2,5,5,5,5,3,4,4,6,3,5,4,5,3,5,5
1931,5,5,5,4,5,5,5,3,5,5,2,4,5,4,6,4,5,5,5,4,5,3
1932,5,5,5,5,5,3,5,5,4,4,4,4,5,5,6,5,5,5,4,5,4,4
1933,4,5,5,4,5,5,4,4,5,5,5,4,5,5,6,4,5,5,5,4,4,5
1934,,4,5,4,4,5,5,5,4,4,4,4,4,3,5,4,4,4,5,4,4,4
1935,5,3,5,4,5,5,4,4,4,5,3,4,5,4,6,3,5,5,4,5,5,3
1936,4,4,4,4,4,3,4,4,3,4,3,4,5,4,5,5,5,5,5,5,5,3
1937,4,5,4,5,5,4,4,4,5,5,3,4,4,4,6,3,5,5,5,5,5,4
1938,5,4,3,4,5,5,3,2,5,5,5,4,5,4,4,5,5,5,4,4,4,3
1939,5,5,5,5,5,5,5,5,4,4,5,4,5,5,7,4,5,5,5,5,4,4
1940,4,5,5,4,4,5,4,5,5,5,5,4,5,4,6,3,5,5,5,5,5,2
1941,5,3,4,4,5,5,5,5,4,4,4,4,4,5,6,3,5,4,4,5,4,4
1942,5,4,5,5,5,5,5,5,5,5,4,4,5,5,7,5,5,5,5,5,5,5
1943,5,5,5,5,5,4,5,5,4,5,4,4,5,3,4,5,5,5,4,4,4,4
1944,5,5,5,5,4,4,5,5,4,4,4,4,5,4,5,5,5,5,5,5,4,3
1945,,5,5,3,4,4,4,4,4,4,3,4,5,4,5,5,5,5,5,5,5,4
1946,,4,5,5,5,5,4,5,4,5,4,4,4,5,5,4,5,4,4,5,4,3
1947,4,5,4,5,5,5,5,5,4,4,4,4,4,4,7,5,5,5,5,5,4,5
1948,5,4,5,4,5,5,5,5,5,5,4,4,4,3,5,4,5,5,5,5,5,4
1949,5,5,5,4,4,5,4,3,5,5,5,4,5,4,7,5,5,5,5,5,5,5
1950,5,3,3,4,4,4,3,4,4,5,5,4,5,5,5,4,5,5,3,5,3,3
1951,5,4,5,5,5,4,5,5,5,5,4,4,5,5,7,4,4,5,4,5,5,3
1952,5,5,5,5,5,5,5,5,3,4,4,4,5,4,7,4,5,5,5,5,5,3
1953,5,5,5,5,4,4,5,5,4,4,4,4,5,5,6,4,4,4,4,4,4,4
1954,5,5,4,5,4,5,5,5,3,4,4,4,5,5,6,4,5,5,4,5,5,5
1955,5,5,5,5,3,5,5,5,3,5,5,4,4,5,5,3,5,5,5,5,5,5
1956,5,5,5,4,5,5,5,4,4,4,3,4,5,5,7,4,5,4,5,5,5,5
1957,1,5,5,5,5,5,5,5,4,5,4,4,5,4,5,5,5,5,5,5,5,5
1958,5,5,5,5,5,4,5,5,2,4,2,4,5,5,7,5,5,5,5,5,5,5
1959,3,4,4,4,3,4,3,4,4,4,3,4,5,5,5,4,4,4,4,4,3,3
1960,5,4,4,4,3,5,5,3,5,5,5,4,5,3,5,4,4,5,5,5,3,5
1961,5,5,5,5,5,4,4,4,3,4,4,4,4,5,5,3,5,5,5,5,5,5
1962,5,5,5,5,5,5,5,5,4,4,4,4,4,5,5,5,3,3,4,,4,4
1963,4,4,5,5,5,5,5,4,5,5,5,4,4,3,6,4,4,4,5,5,5,3
1964,3,5,4,5,3,5,5,5,4,5,5,4,5,4,6,4,5,5,5,5,5,3
1965,5,5,5,5,4,4,5,5,4,4,4,4,5,5,6,4,5,4,4,5,5,4
1966,5,5,5,4,5,5,5,4,5,5,4,4,5,4,6,4,5,4,4,4,4,4
1967,5,5,5,5,5,5,5,5,4,4,4,4,5,5,7,4,5,5,5,5,5,4
1968,5,5,5,5,5,5,5,5,4,4,4,4,5,4,6,5,5,5,5,5,5,4
1969,5,5,5,5,5,5,5,5,5,5,5,4,5,5,6,5,5,5,5,5,5,5
1970,5,5,5,5,5,4,5,5,4,4,4,4,5,5,6,4,5,4,5,5,5,5
1971,5,4,4,4,4,3,3,4,3,3,3,4,5,4,5,4,4,4,3,5,4,3
1972,5,4,3,4,5,5,4,3,5,5,5,4,5,4,4,5,5,5,5,5,5,4
1973,5,4,5,4,5,5,4,3,5,5,5,4,5,4,6,3,5,5,3,5,5,3
1974,5,5,4,5,5,5,5,5,5,5,5,4,5,5,6,5,5,5,4,5,4,5
1975,5,4,5,5,4,5,4,4,5,5,4,4,5,5,7,4,5,5,5,5,4,4
1976,5,3,3,3,3,5,5,5,4,5,5,4,5,5,3,2,5,5,5,5,3,3
1977,4,5,5,5,5,5,,4,5,5,5,4,3,4,6,5,5,5,4,5,5,2
1978,4,4,4,4,3,4,5,5,3,4,3,4,4,4,5,3,5,4,4,5,4,2
1979,4,5,5,5,5,5,5,5,4,5,3,4,5,5,6,4,5,5,5,5,5,5
1980,5,4,5,5,5,5,5,3,4,4,5,4,5,4,5,4,5,5,5,5,3,5
1981,5,4,5,4,5,4,5,2,4,5,5,4,5,5,6,4,4,4,4,5,4,3
1982,3,5,5,4,5,5,3,3,5,5,5,4,5,5,6,3,4,4,5,5,5,5
1983,5,5,5,5,5,5,5,5,4,5,5,4,5,5,7,4,5,5,5,5,5,5
1984,4,5,5,5,5,5,5,5,2,4,3,4,4,5,6,4,4,5,5,5,4,3
1985,5,3,4,4,3,5,5,5,4,3,5,4,5,4,5,2,4,5,5,5,4,2
1986,5,4,5,5,5,4,5,4,4,4,3,4,4,4,5,3,5,5,4,4,4,4
1987,5,5,5,3,4,4,5,5,5,4,4,4,5,5,7,3,5,5,5,5,5,3
1988,5,4,5,4,4,4,5,5,,4,4,4,5,5,6,5,5,5,5,5,5,4
1989,5,5,5,3,3,4,4,4,5,5,4,4,5,2,4,4,4,4,5,5,4,3
1990,5,4,5,4,5,5,4,4,4,5,4,4,5,4,5,5,5,5,5,5,5,4
1991,5,3,5,4,4,1,5,5,2,4,2,4,4,5,7,1,4,4,5,5,5,1
1992,5,4,5,5,5,5,5,4,4,5,4,4,4,4,6,5,5,5,5,5,5,4
1993,5,5,5,5,5,5,5,4,5,5,5,4,5,5,7,3,4,5,5,4,5,3
1994,5,4,5,4,4,4,5,4,3,4,3,4,4,3,3,5,5,3,5,4,4,5
1995,4,4,5,4,5,5,1,4,5,5,5,4,5,4,5,4,4,5,5,5,3,4
1996,4,5,5,5,5,5,5,5,4,4,5,4,5,5,7,,3,4,5,5,5,5
1997,5,5,4,5,5,5,5,5,4,5,3,5,5,5,7,5,5,5,5,5,4,4
1998,1,5,5,5,5,5,5,3,5,5,5,5,5,5,7,5,5,5,5,5,5,5
1999,5,5,5,5,5,5,5,5,5,5,5,5,5,5,7,5,5,5,5,5,5,5
2000,5,5,5,5,5,5,5,5,5,5,5,5,5,5,7,5,5,5,5,5,5,5
2001,5,4,4,4,4,5,5,4,5,5,5,5,5,4,5,5,5,5,5,5,4,4
2002,2,5,4,2,3,5,,3,4,5,4,5,5,3,1,,5,5,5,5,1,5
2003,5,5,4,5,5,5,5,5,5,5,5,5,5,5,7,4,5,5,5,5,5,2
2004,5,4,4,4,4,5,3,4,5,5,5,5,5,5,4,5,5,5,5,5,5,5
2005,5,5,5,5,5,5,5,5,5,5,5,5,5,5,7,5,5,5,5,5,5,1
2006,5,5,4,5,5,4,5,5,5,5,3,5,5,5,6,5,5,5,5,5,5,5
2007,5,5,5,5,5,5,5,5,5,5,5,5,5,3,7,5,5,5,5,5,5,5
2008,5,3,3,4,4,5,5,5,5,5,5,5,5,2,6,5,5,5,3,5,5,4
2009,4,4,3,4,4,4,4,4,4,4,4,5,5,5,6,4,5,5,5,5,3,3
2010,5,5,4,5,5,4,,5,4,4,4,5,5,5,6,5,5,5,5,5,5,5
2011,5,5,4,4,4,5,5,5,5,5,5,5,5,5,5,5,5,5,5,5,5,4
2012,5,5,4,4,3,5,5,5,5,5,5,5,5,5,7,5,5,5,5,5,5,4
2013,3,5,3,5,5,5,5,4,3,5,2,5,5,5,5,5,5,4,5,5,2,4
2014,4,4,4,4,4,5,3,4,5,5,5,5,5,4,4,5,5,5,5,5,4,3
2015,5,5,4,5,4,5,5,5,4,5,5,5,5,5,7,5,5,5,5,5,5,3
2016,5,5,5,5,5,5,5,5,5,5,5,5,5,5,7,5,5,5,5,5,5,5
2017,3,5,5,5,5,5,5,5,1,5,2,5,5,5,4,5,5,5,5,5,2,3
2018,4,5,4,4,4,5,5,5,5,5,5,5,5,5,7,5,5,5,4,5,5,3
2019,5,5,5,5,5,5,5,5,5,5,5,5,5,5,7,5,5,5,5,5,5,5
2020,5,5,5,5,5,5,5,5,5,5,5,5,5,5,7,5,5,5,5,5,5,5
2021,4,5,4,5,5,5,5,4,4,5,4,5,5,3,5,5,5,5,5,5,5,5
2022,5,5,5,5,5,5,5,5,5,5,5,5,5,5,7,5,5,5,5,5,5,5
2023,4,5,5,3,3,5,5,4,5,5,5,5,5,4,7,5,5,5,5,5,5,5
2024,4,5,5,5,5,5,5,5,5,5,5,5,5,5,7,5,5,5,5,5,5,5
2025,,5,5,5,5,5,5,5,5,5,5,5,5,5,6,5,5,5,5,5,5,5
2026,4,5,4,5,5,5,4,5,4,5,4,5,5,5,6,5,5,5,4,5,4,4
2027,5,5,5,5,5,5,5,5,5,5,5,5,5,5,7,5,5,5,5,5,5,5
2028,5,5,5,5,5,5,5,5,5,5,5,5,5,5,7,5,5,5,5,5,5,5
2029,4,5,5,5,5,4,5,5,4,4,4,5,5,5,6,5,5,5,5,5,5,4
2030,5,4,4,4,4,4,5,5,4,4,4,5,5,4,5,4,5,5,4,5,4,4
2031,5,5,5,5,5,5,5,5,4,4,4,5,5,5,6,5,5,5,5,5,5,5
2032,5,5,5,5,5,5,5,5,5,5,5,5,5,5,7,5,5,5,5,5,5,5
2033,5,5,5,5,5,5,5,5,5,5,5,5,5,5,7,5,5,5,5,5,5,5
2034,5,5,5,5,5,5,3,5,5,5,5,5,5,5,7,5,5,5,5,5,5,5
2035,5,5,5,5,5,5,5,5,5,5,4,5,5,4,7,4,5,5,5,5,5,5
2036,3,5,5,5,5,5,2,3,5,5,4,5,5,5,7,5,5,5,5,5,5,5
2037,3,5,5,5,5,5,5,5,5,5,5,5,5,5,4,5,5,5,5,5,5,5
2038,5,5,5,5,5,5,5,5,5,5,5,5,5,5,7,5,5,5,5,5,5,5
2039,5,5,5,5,4,5,4,5,5,5,5,5,5,4,7,5,5,5,5,5,5,5
2040,5,5,5,5,5,5,5,5,5,5,5,5,5,5,7,5,5,5,5,5,5,5
2041,5,5,5,5,5,5,5,5,5,5,5,5,5,5,7,5,5,5,5,5,5,5
2042,5,5,5,5,5,5,5,5,5,5,5,5,5,5,7,5,5,5,5,5,5,5
2043,4,5,5,5,5,5,5,5,5,5,4,5,5,5,7,5,5,5,3,5,5,3
2044,5,5,5,5,5,5,5,5,5,5,5,5,5,5,7,4,5,5,5,5,5,5
2045,5,5,5,5,5,5,5,5,4,5,4,5,5,5,7,5,5,5,5,5,5,5
2046,5,5,5,5,5,5,5,,5,5,5,5,5,5,7,5,5,5,5,5,5,5
2047,,5,5,3,4,5,4,3,5,4,4,5,5,5,5,5,5,5,5,4,4,4
2048,5,4,4,4,4,5,5,5,4,4,4,5,5,5,6,5,5,5,5,5,5,5
2049,5,5,5,5,5,5,5,5,5,5,5,5,5,5,7,5,5,5,5,5,5,5
2050,5,5,5,5,4,5,5,5,5,5,5,5,5,5,6,4,5,5,5,5,4,2
2051,5,5,5,5,5,5,5,5,5,5,5,5,5,5,7,5,5,5,5,5,5,5
2052,5,5,4,5,5,5,5,5,5,5,5,5,5,5,7,5,5,5,5,5,5,5
2053,5,4,5,5,5,5,5,5,4,5,3,5,5,5,7,5,5,5,5,5,5,5
2054,,5,5,5,5,5,5,5,5,5,5,5,5,5,7,5,5,5,5,5,5,5
2055,5,4,5,5,5,3,5,5,2,3,2,5,5,5,7,5,5,5,5,5,4,4
2056,5,5,5,5,5,3,5,3,3,3,3,5,5,5,7,5,5,5,5,5,5,3
2057,5,5,5,5,5,4,5,5,3,4,4,5,5,5,7,5,5,5,5,5,5,4
2058,,4,,4,5,4,5,5,4,4,4,5,5,5,,4,5,5,5,5,5,5
2059,4,5,5,5,5,4,5,5,4,5,4,5,5,5,6,5,5,5,5,5,5,5
2060,5,5,5,5,5,5,5,5,4,5,5,5,5,5,7,5,5,5,5,5,5,5
2061,5,5,5,5,5,5,5,5,5,5,5,5,5,5,7,5,5,5,5,5,5,5
2062,5,,5,5,5,4,5,5,4,5,4,5,5,4,6,5,5,5,5,5,5,4
2063,3,5,5,5,5,5,5,5,5,5,3,5,5,5,4,5,5,5,5,5,5,5
2064,5,5,5,4,5,5,5,5,5,5,5,5,5,5,7,5,5,5,5,5,5,4
2065,5,5,5,5,5,5,5,5,5,5,5,5,5,5,7,5,5,5,5,5,5,5
2066,5,5,5,5,5,5,5,5,5,5,5,5,5,5,7,5,5,5,5,5,5,5
2067,5,5,5,5,5,5,5,5,5,5,5,5,5,5,7,5,5,5,5,5,5,5
2068,5,5,4,5,5,5,5,5,5,5,5,5,5,4,7,5,5,5,5,5,5,4
2069,,5,5,5,5,5,5,5,5,5,5,5,5,5,7,5,5,5,5,5,5,5
2070,5,5,5,5,5,5,5,5,5,5,5,5,5,5,7,5,5,5,5,5,5,5
2071,5,5,5,5,5,5,5,5,5,5,5,5,5,5,6,5,5,5,5,5,5,5
2072,5,5,5,5,5,4,5,5,4,5,4,5,5,4,7,5,5,5,5,5,5,5
2073,3,5,5,5,5,5,5,5,4,5,4,5,5,5,6,5,5,5,5,5,4,5
2074,5,5,5,5,4,4,5,5,3,5,3,5,5,5,7,5,5,5,5,5,5,5
2075,5,5,5,5,5,5,5,5,5,5,5,5,5,5,7,5,5,5,5,5,5,4
2076,5,5,5,5,5,4,5,5,4,4,4,5,5,5,6,5,5,5,5,5,5,5
2077,5,5,5,5,5,4,5,5,4,4,4,5,5,5,5,5,5,5,5,5,5,5
2078,4,4,3,4,4,4,4,4,4,4,4,5,5,4,5,4,4,4,4,5,4,3
2079,5,5,5,5,5,5,5,5,5,5,5,5,5,5,7,5,5,5,5,5,5,5
2080,5,5,5,5,5,5,5,5,5,5,5,5,5,5,6,5,5,5,5,5,5,5
2081,5,5,5,5,5,5,5,5,5,5,5,5,5,5,7,5,5,5,5,5,5,5
2082,5,5,5,5,5,4,5,5,4,5,5,5,5,5,7,5,5,5,5,5,5,4
2083,5,5,5,5,5,5,5,5,5,5,5,5,5,5,6,5,5,5,5,5,5,5
2084,5,5,5,5,5,5,5,5,5,5,5,5,5,5,7,5,5,5,5,5,5,5
2085,5,5,5,5,5,5,5,5,5,5,5,5,5,5,7,5,5,5,5,5,5,5
2086,5,5,5,5,5,5,5,5,4,4,4,5,5,4,6,5,5,5,5,5,5,4
2087,5,5,5,4,4,5,5,4,5,5,5,5,5,4,5,5,5,5,5,5,5,5
2088,5,5,5,5,5,5,5,5,5,5,5,5,5,5,5,5,5,5,5,5,4,3
2089,5,5,5,5,5,5,5,5,5,5,5,5,5,5,6,5,5,5,5,5,5,4
2090,5,5,4,5,5,5,5,5,5,5,4,5,5,5,6,5,5,5,5,5,3,5
2091,5,5,5,5,5,5,5,5,5,5,5,5,5,5,7,1,5,5,5,5,5,5
2092,5,5,5,5,5,5,5,5,5,5,5,5,5,5,7,4,5,5,5,5,5,5
2093,5,5,5,5,5,5,5,5,3,5,5,5,5,5,5,5,5,5,5,5,5,5
2094,5,5,5,5,5,5,5,5,5,5,5,5,5,5,7,5,5,5,5,5,5,5
2095,5,5,5,5,5,5,5,5,4,5,3,5,5,5,7,5,5,5,5,5,5,5
2096,3,5,5,5,5,5,5,5,5,5,5,5,5,5,7,5,5,5,5,5,5,5
2097,5,5,5,5,5,5,5,5,5,5,5,5,5,5,7,5,5,5,5,5,5,5
2098,5,5,5,5,5,5,5,5,4,4,3,5,5,5,7,5,5,5,5,5,5,5
2099,5,5,5,5,5,5,5,5,5,5,5,5,5,5,4,5,5,5,5,5,5,3
2100,5,5,3,5,5,5,5,5,5,5,5,5,5,5,7,5,5,5,3,5,5,5
2101,5,5,5,5,5,5,5,5,5,5,5,5,5,5,7,5,5,5,5,5,5,4
2102,5,5,5,5,5,5,5,5,5,5,5,5,5,5,7,5,5,5,5,5,5,5
2103,5,5,5,5,5,3,5,5,3,5,3,5,5,5,7,5,5,5,5,5,3,3
2104,1,5,5,5,5,4,4,5,3,5,2,5,5,5,7,5,5,5,5,5,5,4
2105,5,5,5,5,5,5,5,5,5,5,5,5,5,5,7,5,5,5,5,5,5,5
2106,5,5,5,5,5,5,5,5,3,5,5,5,5,5,7,5,5,5,5,5,5,5
2107,5,5,5,5,5,5,5,5,3,3,3,5,5,5,7,5,5,5,5,5,5,5
2108,5,5,5,5,5,3,5,5,3,3,3,5,5,5,7,5,5,5,4,5,5,5
2109,4,5,5,5,5,5,5,3,4,4,4,5,5,5,7,4,5,5,5,5,5,4
2110,5,5,4,5,5,5,5,5,3,4,4,5,5,5,7,5,5,5,5,5,5,5
2111,5,5,5,5,5,4,5,5,3,4,4,5,5,5,6,5,5,5,5,5,5,4
2112,3,5,5,5,5,3,5,5,3,4,3,5,5,5,6,5,5,5,5,5,5,5
2113,5,5,5,5,4,5,5,5,4,5,5,5,5,4,6,4,5,5,5,5,4,4
2114,5,5,5,5,5,5,5,5,5,5,5,5,5,5,6,5,5,5,5,5,5,5
2115,5,5,5,5,5,5,5,5,5,5,5,5,5,5,6,5,5,5,5,5,4,5
2116,5,5,5,5,5,5,5,5,4,5,4,5,5,5,5,5,5,5,5,5,5,5
2117,5,5,5,5,5,5,5,5,4,5,3,5,5,4,6,5,5,5,5,5,5,5
2118,5,5,5,5,5,5,5,5,5,5,5,5,5,4,6,5,5,5,5,5,4,4
2119,5,5,5,5,5,4,5,5,4,3,4,5,5,5,6,5,5,5,5,5,5,4
2120,5,5,5,5,5,5,5,5,5,5,5,5,5,5,7,5,5,5,5,5,5,3
2121,5,5,5,5,5,5,5,5,4,5,4,5,5,5,6,5,5,5,5,5,5,4
2122,5,5,5,5,5,5,5,5,5,5,5,5,5,5,6,5,5,5,5,5,5,5
2123,5,5,5,4,5,5,5,5,5,5,5,5,5,5,7,5,5,5,5,5,5,5
2124,5,5,5,5,5,5,5,5,4,5,4,5,5,5,7,5,5,5,5,5,5,5
2125,5,5,5,5,5,5,5,5,5,5,5,5,5,5,7,5,5,5,5,5,5,5
2126,5,5,5,5,5,5,5,5,3,3,3,5,5,5,7,5,5,5,5,5,5,5
2127,5,5,5,5,5,5,5,5,5,5,5,5,5,5,7,5,5,5,5,5,5,5
2128,5,4,4,4,4,4,5,5,4,5,4,5,5,5,7,5,5,5,5,5,5,4
2129,3,4,4,4,5,5,5,5,3,5,5,5,5,4,7,5,5,5,5,5,5,4
2130,5,5,5,5,5,5,5,5,5,5,5,5,5,5,7,5,5,5,5,5,5,5
2131,3,5,5,5,5,5,5,4,5,5,4,5,5,5,6,5,5,5,5,5,5,5
2132,5,5,5,5,5,5,5,5,5,5,5,5,5,5,7,5,5,5,5,5,5,5
2133,5,5,5,5,5,5,5,5,5,5,5,5,5,5,7,5,5,5,5,5,5,5
2134,5,5,5,4,4,5,4,4,5,5,5,5,5,3,6,5,5,5,5,4,5,5
2135,5,3,5,5,5,5,5,5,5,5,5,5,3,5,7,5,5,5,5,5,5,5
2136,5,5,5,5,5,5,5,5,5,5,5,5,5,5,7,5,5,5,5,5,5,5
2137,5,5,5,5,,5,5,5,5,5,5,5,5,5,7,5,5,5,5,5,5,4
2138,1,5,5,5,5,5,2,5,3,3,5,5,5,5,6,5,5,5,5,5,5,5
2139,5,5,4,5,4,5,5,5,5,5,5,5,5,5,7,5,5,5,5,5,5,4
2140,4,5,5,5,5,5,5,5,5,5,4,5,4,4,7,4,5,5,5,5,5,5
2141,5,5,4,5,4,4,5,5,4,5,3,5,5,4,5,5,5,5,4,5,5,4
2142,5,5,5,5,5,5,5,4,5,5,5,5,5,5,6,5,5,5,5,5,5,4
2143,5,5,5,5,5,5,5,5,5,5,5,5,5,5,7,5,5,5,5,5,5,5
2144,5,5,5,5,5,3,5,5,3,4,4,5,5,5,7,5,5,5,5,5,5,5
2145,5,5,5,5,5,4,5,5,4,5,4,5,5,5,7,5,5,5,5,5,5,4
2146,5,5,5,5,5,5,5,5,3,5,3,5,5,4,5,5,5,5,5,5,5,5
2147,5,5,5,5,4,5,5,5,5,5,5,5,5,5,5,5,5,5,5,5,5,4
2148,4,5,5,5,5,5,5,5,4,5,5,5,5,5,6,5,5,5,5,5,5,5
2149,5,5,5,5,5,5,5,5,5,5,5,5,5,5,7,5,5,5,5,5,5,5
2150,5,5,5,5,5,5,5,5,5,5,5,5,5,5,6,5,5,5,5,5,5,3
2151,5,5,5,4,5,5,5,5,5,5,5,5,5,5,7,5,5,5,5,5,5,5
2152,5,5,5,5,5,5,5,5,5,5,4,5,5,5,7,5,5,5,5,4,5,5
2153,5,5,5,5,5,5,5,5,5,5,5,5,5,5,7,5,5,5,5,5,5,5
2154,,5,5,5,5,5,1,5,5,5,5,5,5,5,4,5,5,5,5,5,1,3
2155,,4,5,5,4,5,2,5,5,5,5,5,5,5,4,5,5,5,5,5,5,5
2156,5,5,5,5,5,5,5,5,5,5,5,5,5,5,7,5,5,5,5,5,5,5
2157,5,5,5,5,5,5,5,5,5,5,5,5,5,5,7,5,5,5,5,5,5,5
2158,5,4,4,4,4,5,5,5,5,5,5,5,5,4,7,3,3,5,5,5,5,5
2159,5,5,5,5,5,5,5,5,4,5,4,5,5,5,7,5,5,5,5,5,5,5
2160,5,4,5,5,5,5,5,5,5,5,5,5,5,5,5,5,5,5,5,5,5,3
2161,5,5,5,5,5,5,5,5,4,5,4,5,5,5,7,4,5,5,5,5,5,5
2162,5,5,5,5,5,5,5,5,5,5,5,5,5,4,5,5,5,5,5,5,5,5
2163,5,5,5,5,5,5,5,5,5,5,5,5,5,5,6,5,5,5,5,5,5,4
2164,5,5,5,5,5,5,5,5,4,5,5,5,5,5,7,5,5,5,5,5,4,5
2165,5,,,5,5,5,5,5,5,5,5,5,5,5,,5,5,5,5,5,5,5
2166,5,4,4,4,4,4,4,4,4,4,4,5,5,4,6,5,5,5,5,5,5,5
2167,3,5,5,5,4,5,4,4,5,5,5,5,5,2,6,4,5,4,5,4,5,4
2168,5,5,5,5,5,5,5,5,5,5,5,5,5,5,7,5,5,5,5,5,5,5
2169,4,4,4,5,5,5,5,5,4,5,4,5,5,4,5,5,5,5,5,5,5,4
2170,5,5,5,5,5,5,5,5,5,5,4,5,5,5,7,5,5,5,5,5,5,5
2171,3,5,5,5,5,4,5,5,5,5,3,5,5,5,7,5,5,5,5,5,5,5
2172,5,5,5,5,5,5,5,5,5,5,5,5,5,5,7,5,5,5,5,5,5,5
2173,3,5,5,3,5,5,4,4,5,5,5,5,5,4,6,4,5,5,4,4,4,4
2174,5,5,5,5,5,5,5,5,5,5,5,5,5,5,7,5,5,5,5,5,5,5
2175,5,5,5,5,5,5,5,5,5,5,5,5,5,4,7,5,5,5,5,5,5,5
2176,5,5,5,5,5,5,5,5,4,5,4,5,5,5,7,5,5,5,5,5,5,5
2177,5,5,5,5,5,5,5,5,4,5,1,5,5,5,7,5,5,5,5,5,5,5
2178,5,5,5,5,5,5,5,5,2,,,5,5,5,7,4,5,5,5,5,5,3
2179,5,4,5,4,5,4,5,5,3,4,3,5,5,5,6,5,5,5,4,5,5,4
2180,5,5,5,5,5,3,5,5,3,4,3,5,5,5,6,4,5,5,5,5,5,3
2181,5,5,5,5,5,5,5,5,4,4,4,5,5,5,7,5,5,5,5,5,5,5
2182,3,5,2,5,4,5,5,5,5,5,5,5,5,4,5,5,5,5,5,5,3,5
2183,5,5,5,5,5,5,5,5,4,5,5,5,5,5,5,5,5,5,5,5,4,4
2184,5,5,5,5,5,5,5,5,5,5,5,5,5,4,6,5,5,5,5,5,5,5
2185,3,4,4,4,5,4,4,4,3,5,4,5,5,4,6,4,5,5,5,5,5,5
2186,5,5,5,5,5,5,5,5,5,5,5,5,5,5,7,5,5,5,5,5,5,5
2187,5,5,5,5,5,5,5,5,5,5,5,5,5,5,7,5,5,5,5,5,5,5
2188,5,5,5,5,5,5,5,5,4,5,4,5,5,5,7,5,5,5,5,5,5,5
2189,5,5,5,5,5,5,5,5,5,5,5,5,5,5,6,4,5,5,5,5,5,4
2190,5,5,4,5,5,5,5,5,4,5,4,5,5,5,7,3,5,5,5,5,5,4
2191,5,5,5,5,5,5,5,5,5,5,5,5,5,5,7,5,5,5,5,5,5,5
2192,5,5,5,5,5,5,5,4,5,5,5,5,5,5,7,5,5,5,5,5,5,5
2193,5,5,5,5,5,5,5,5,4,5,5,5,5,5,6,5,5,5,5,5,5,5
2194,,5,5,3,5,5,5,4,5,5,5,5,5,5,7,5,5,2,5,5,5,5
2195,,5,5,5,5,5,5,5,5,5,5,5,5,5,7,5,5,5,5,5,5,5
2196,5,5,5,5,5,5,5,5,4,4,4,5,5,5,7,5,5,5,5,5,5,5
2197,4,4,4,5,5,5,5,5,5,5,5,5,5,4,4,4,5,5,5,5,5,3
2198,5,5,5,5,5,5,5,5,5,5,5,5,5,5,6,5,5,5,5,5,5,4
2199,5,5,5,5,5,5,5,5,4,5,5,5,5,5,6,5,5,5,5,5,5,5
2200,5,4,5,5,5,5,5,5,5,5,5,5,5,5,7,5,5,5,5,5,5,5
2201,5,5,5,5,5,5,5,5,5,5,5,5,5,5,7,5,5,5,5,5,5,5
2202,5,5,5,5,5,5,5,5,3,5,5,5,5,5,7,5,5,5,5,5,5,5
2203,5,4,5,5,5,5,5,5,5,5,5,5,5,5,7,4,5,5,5,5,5,5
2204,5,5,5,5,5,5,5,5,5,5,5,5,5,5,7,5,5,5,5,5,5,5
2205,5,5,5,5,5,5,5,5,5,5,5,5,5,5,7,5,5,5,5,5,5,5
2206,5,5,5,5,5,5,5,5,5,5,4,5,5,4,4,5,5,5,4,5,4,4
2207,5,5,5,5,5,5,5,5,3,5,5,5,5,5,7,5,5,5,5,5,5,4
2208,5,5,5,5,5,5,5,,5,5,5,5,5,5,5,5,5,5,4,5,5,4
2209,3,5,5,5,5,5,5,5,5,5,5,5,5,5,7,5,5,5,5,5,5,5
2210,5,5,5,5,5,5,5,5,5,5,5,5,5,5,7,5,5,5,5,5,5,5
2211,5,4,5,5,5,5,5,5,5,5,4,5,5,5,7,5,5,5,5,5,5,5
2212,5,5,5,5,5,5,5,5,5,5,5,5,5,5,7,5,5,5,5,5,5,5
2213,2,5,3,3,5,5,3,2,5,5,5,5,5,3,3,5,5,5,3,5,4,3
2214,5,5,5,5,5,5,5,5,5,5,5,5,5,5,3,5,5,5,5,5,5,5
2215,5,5,5,5,5,5,5,5,5,5,5,5,5,5,6,5,5,5,5,5,4,5
2216,5,5,5,5,5,5,5,5,3,5,5,5,5,5,7,5,5,5,5,5,5,5
2217,4,5,5,5,5,5,5,5,4,5,5,5,5,5,5,5,5,5,5,5,5,5
2218,5,4,4,4,5,5,5,5,4,5,5,5,5,5,6,5,5,5,5,5,5,5
2219,4,,2,4,5,5,5,5,5,5,5,5,5,5,6,5,5,5,4,5,5,4
2220,5,5,5,5,4,3,5,5,3,3,4,5,5,5,7,5,5,5,5,5,5,5
2221,5,5,5,5,5,2,5,5,3,3,3,5,5,5,6,5,5,5,5,5,4,3
2222,5,5,5,5,5,5,5,5,3,3,5,5,5,5,7,3,5,5,5,5,5,3
2223,5,5,5,5,5,4,5,5,3,4,4,5,5,5,5,5,5,5,5,5,4,3
2224,5,5,5,5,4,4,5,4,4,4,4,5,5,4,6,5,5,5,5,5,5,4
2225,5,5,5,5,5,5,5,5,5,5,5,5,5,5,6,5,5,5,5,5,5,5
2226,5,5,5,5,5,5,5,5,5,5,5,5,5,5,7,5,5,5,5,5,5,5
2227,5,5,5,5,5,5,5,5,5,5,5,5,5,5,7,5,5,5,5,5,5,5
2228,5,5,5,5,5,5,5,5,5,5,3,5,5,5,7,5,5,5,5,5,5,5
2229,5,5,5,5,5,5,5,5,5,5,5,5,5,5,7,5,5,5,4,5,5,4
2230,4,5,5,5,5,5,5,5,5,5,5,5,5,5,6,5,5,5,5,5,5,4
2231,5,5,5,5,5,5,5,5,5,5,4,5,5,5,7,5,5,5,5,5,5,4
2232,5,4,5,4,4,5,5,5,4,5,5,5,5,4,7,5,5,5,4,5,5,4
2233,5,5,5,5,5,5,5,5,5,5,5,5,5,5,7,5,5,5,5,5,5,5
2234,5,5,5,3,5,5,3,5,5,5,5,5,5,5,4,5,5,5,5,5,3,5
2235,5,5,5,5,5,5,5,5,5,5,3,5,5,5,7,5,5,5,5,5,5,5
2236,5,5,5,5,5,5,5,5,5,5,5,5,5,5,7,5,5,5,5,5,5,5
2237,5,5,3,4,4,3,5,4,3,3,5,5,5,3,7,5,5,5,5,5,5,5
2238,3,5,5,5,5,4,5,5,4,4,4,5,5,5,7,5,5,5,5,5,5,5
2239,4,5,5,5,5,5,5,5,5,5,5,5,5,5,7,5,5,5,5,5,5,4
2240,5,5,5,5,5,5,5,5,4,5,4,5,5,5,6,5,5,5,5,5,5,4
2241,5,5,5,5,5,5,5,5,5,5,5,5,5,5,7,5,5,5,5,5,5,3
2242,3,5,5,5,5,5,5,5,4,5,5,5,5,5,7,5,5,5,5,5,5,4
2243,5,5,5,5,5,5,5,3,4,5,5,5,5,3,5,1,5,5,5,5,4,4
2244,5,5,5,5,5,5,5,5,5,5,5,5,5,5,6,5,5,5,5,5,5,3
2245,5,5,4,4,5,4,5,5,5,5,4,5,5,5,7,5,5,5,5,5,5,4
2246,5,5,5,4,4,5,4,4,5,5,5,5,5,4,4,5,5,5,5,5,4,3
2247,5,5,5,5,5,3,5,5,5,5,3,5,5,5,6,3,5,5,5,5,5,5
2248,5,5,5,,5,5,5,5,5,5,4,5,5,5,7,5,5,5,5,5,5,5
2249,5,5,5,5,5,4,5,5,3,3,3,5,5,5,7,5,5,5,5,5,5,5
2250,4,5,5,4,4,5,5,3,5,5,5,5,5,3,5,5,5,5,5,5,4,4
2251,5,5,5,5,5,5,5,5,5,5,5,5,5,5,6,5,5,5,5,5,5,5
2252,5,5,5,5,5,5,5,5,5,5,5,5,5,5,7,5,5,5,5,5,5,5
2253,5,5,5,5,5,5,5,5,5,5,5,5,5,3,7,5,5,5,5,5,5,5
2254,5,5,3,5,4,5,5,5,4,5,5,5,5,5,7,5,5,5,5,5,5,5
2255,5,5,5,5,5,5,5,5,5,5,5,5,5,5,6,5,5,5,5,5,5,5
2256,5,5,5,5,5,5,5,5,5,5,5,5,5,5,7,5,5,5,5,5,5,5
2257,5,5,5,5,5,4,5,5,3,5,3,5,5,5,7,5,5,5,5,5,5,3
2258,5,,4,5,5,5,5,5,4,4,4,5,5,5,5,5,5,5,5,5,5,4
2259,5,5,5,5,5,4,5,5,5,4,5,5,5,5,7,3,4,3,5,5,4,5
2260,5,4,4,4,5,5,5,4,3,4,4,5,5,4,7,5,5,5,5,5,3,5
2261,3,5,5,3,3,5,5,3,5,5,5,5,5,4,4,5,5,5,5,3,5,5
2262,5,5,4,5,5,5,5,5,5,5,5,5,5,5,7,5,5,5,5,5,5,5
2263,5,5,5,5,5,5,5,4,5,5,3,5,5,5,5,5,5,5,5,5,5,5
2264,5,5,5,5,5,4,5,5,4,5,4,5,5,5,5,5,5,5,5,5,5,3
2265,5,5,5,5,5,5,5,5,5,5,5,5,5,5,7,5,5,5,5,5,5,3
2266,5,5,4,5,4,5,4,5,3,5,5,5,5,5,7,5,5,5,5,5,5,5
2267,5,5,5,5,5,5,5,5,5,5,4,5,5,5,7,5,5,5,5,5,5,5
2268,5,5,5,5,5,4,5,5,5,5,5,5,5,5,7,5,5,5,5,5,5,5
2269,,5,5,,,5,5,,5,5,5,5,5,,,4,5,5,,5,3,2
2270,5,,3,4,4,5,5,5,5,5,5,5,5,5,5,5,5,5,5,5,5,4
2271,4,5,5,5,4,5,5,5,5,5,4,5,4,5,6,4,5,5,5,5,5,4
2272,5,5,5,4,5,5,5,5,4,5,5,5,5,5,6,5,5,5,5,5,5,5
2273,5,5,4,5,5,5,5,5,3,4,4,5,5,5,5,4,5,5,5,5,5,5
2274,5,5,5,5,5,5,5,5,3,5,3,5,5,5,7,5,5,5,5,5,5,5
2275,5,5,4,4,4,5,5,5,5,5,5,5,5,5,4,5,5,5,4,5,4,3
2276,5,5,5,5,5,5,5,5,4,5,5,5,5,5,6,5,5,5,5,5,4,4
2277,5,5,5,5,5,5,5,5,4,5,5,5,5,4,6,4,5,5,4,5,4,5
2278,5,5,5,5,5,5,5,5,5,5,5,5,5,5,6,5,5,5,5,5,5,5
2279,5,5,5,5,5,5,5,5,5,5,5,5,5,5,7,5,5,5,5,5,5,4
2280,4,4,5,5,5,5,4,4,5,5,5,5,5,4,4,5,,,4,5,4,3
2281,5,5,5,4,5,5,5,5,5,5,5,5,5,5,7,5,5,5,5,5,5,5
2282,5,5,5,5,5,5,5,5,5,5,4,5,5,5,7,5,5,5,5,5,5,5
2283,5,5,5,5,5,5,5,5,5,5,5,5,5,5,7,5,5,5,5,5,5,5
2284,5,4,5,5,5,5,5,5,5,5,5,5,5,5,6,5,5,5,5,5,5,4
2285,5,5,5,5,5,5,5,5,3,3,3,5,5,5,7,5,5,5,5,5,4,5
2286,3,5,5,3,3,5,5,5,4,5,5,5,5,2,5,5,5,5,5,5,5,5
2287,5,5,5,5,5,5,5,5,5,5,5,5,5,5,7,5,5,5,5,5,5,4
2288,5,5,5,5,5,5,5,5,4,5,5,5,5,5,7,5,5,5,5,5,5,5
2289,5,5,5,5,5,5,5,5,3,5,5,5,5,5,7,5,5,5,5,5,3,3
2290,5,5,5,5,5,5,5,5,5,5,5,5,5,4,7,5,5,5,5,5,5,5
2291,3,5,5,5,5,5,5,5,3,5,4,5,5,5,7,5,5,5,5,5,5,5
2292,5,5,5,5,5,5,5,5,5,5,5,5,5,5,7,5,5,5,5,5,5,5
2293,5,5,5,5,5,5,5,5,4,3,4,5,5,5,7,5,5,5,5,5,5,5
2294,5,5,4,5,5,5,5,5,5,5,5,5,5,5,6,5,5,5,5,5,5,5
2295,5,5,5,5,5,5,5,5,5,5,5,5,5,5,7,5,5,5,5,5,5,5
2296,2,5,5,5,5,5,5,5,5,5,5,5,5,5,7,5,5,5,5,5,5,5
2297,5,5,5,5,5,5,5,5,5,5,5,5,5,5,6,5,5,5,5,5,5,5
2298,5,5,5,5,5,5,5,5,5,5,5,5,5,5,7,5,5,5,5,5,5,5
2299,5,5,5,5,5,5,5,5,4,4,3,5,5,5,4,5,5,5,5,5,4,4
2300,5,5,5,5,5,5,5,5,5,5,5,5,5,5,6,5,5,5,5,5,5,5
2301,5,5,5,5,5,4,5,5,5,5,4,5,5,5,6,4,5,5,5,5,5,4
2302,5,5,5,5,5,5,5,5,5,5,5,5,5,5,7,5,5,5,5,5,5,5
2303,5,5,5,5,5,5,5,5,5,5,3,5,5,5,7,5,5,5,5,5,5,5
2304,5,5,5,5,5,5,5,5,5,5,5,5,5,5,7,5,5,5,5,5,5,5
2305,5,5,5,5,5,3,5,5,3,3,3,5,5,5,7,4,5,5,5,5,5,5
2306,5,5,5,5,5,4,5,5,4,4,3,5,5,5,7,5,5,5,5,5,5,4
2307,5,5,5,5,5,5,5,5,5,5,5,5,5,5,7,5,5,5,5,5,5,5
2308,5,5,5,5,5,5,5,5,5,5,5,5,5,5,7,5,5,5,5,5,5,5
2309,5,5,5,5,5,5,5,5,3,5,4,5,5,5,7,5,5,5,5,5,5,5
2310,5,5,3,5,5,5,5,4,5,5,5,5,5,4,5,5,5,5,5,5,5,5
2311,3,5,5,5,5,5,5,5,5,5,4,5,5,5,6,5,5,5,5,5,5,4
2312,4,4,4,4,4,5,4,5,4,5,5,5,5,5,7,5,5,1,5,5,5,5
2313,5,4,4,3,5,5,5,5,5,5,5,5,5,5,7,5,5,5,5,5,5,5
2314,5,5,5,5,5,5,5,5,5,5,5,5,5,5,6,5,5,5,5,5,5,4
2315,5,5,5,5,5,5,5,5,3,5,4,5,5,5,7,5,5,5,5,5,5,5
2316,4,5,5,5,4,4,5,5,3,3,4,5,5,5,7,4,5,5,5,5,5,4
2317,3,5,5,3,5,5,3,4,4,5,3,5,5,4,4,5,5,5,5,5,3,3
2318,4,5,5,5,5,5,4,4,5,5,5,5,5,3,5,5,5,5,5,5,4,4
2319,5,5,3,4,5,4,5,5,5,5,3,5,5,4,5,5,5,5,4,5,3,3
2320,4,5,5,5,4,5,5,5,5,5,5,5,5,4,7,5,5,5,5,5,5,5
2321,5,5,5,5,5,5,5,5,5,5,4,5,5,5,7,5,5,5,4,5,5,5
2322,5,5,5,5,5,5,5,5,5,5,5,5,5,5,7,5,5,5,5,5,5,5
2323,5,5,5,5,5,4,5,5,5,5,5,5,5,5,5,5,5,5,5,5,5,5
2324,5,5,5,5,5,5,5,5,5,5,5,5,5,5,7,5,5,5,5,5,5,4
2325,5,5,5,5,5,5,5,5,5,5,5,5,5,5,7,5,5,5,5,5,5,5
2326,5,5,5,5,5,5,5,5,5,5,5,5,5,5,7,5,5,5,5,5,5,5
2327,5,5,5,5,5,5,5,5,5,5,5,5,5,5,7,5,5,5,5,5,5,5
2328,5,5,4,5,4,4,5,5,4,5,3,5,5,5,6,5,5,5,4,5,4,4
2329,5,5,5,5,5,5,5,5,5,5,5,5,5,5,7,5,5,5,5,5,5,5
2330,5,5,5,5,5,5,5,5,5,5,5,5,5,5,7,5,5,5,5,5,5,5
2331,5,5,5,5,5,3,5,5,2,3,3,5,5,5,7,5,5,5,5,5,5,3
2332,5,5,5,4,5,4,5,5,3,4,3,5,5,5,6,5,5,5,5,5,5,4
2333,5,5,5,5,5,5,5,5,5,5,5,5,5,5,7,5,5,5,5,5,5,5
2334,5,5,4,5,5,5,5,5,4,5,5,5,5,5,6,5,5,5,5,5,5,5
2335,5,5,5,5,5,4,5,5,5,5,5,5,5,5,6,5,5,5,5,5,5,5
2336,5,5,5,5,5,5,5,5,5,5,5,5,5,5,7,5,5,5,5,5,5,5
2337,5,5,5,5,5,5,5,5,5,5,5,5,5,5,7,5,5,5,5,5,5,5
2338,5,5,5,5,5,5,5,5,5,5,5,5,5,5,7,5,5,5,5,5,5,5
2339,5,4,5,4,4,5,5,5,5,5,5,5,5,5,6,5,5,5,5,5,4,5
2340,5,5,5,5,5,5,5,5,5,5,5,5,5,5,7,5,5,5,5,5,5,5
2341,5,5,5,5,5,5,5,5,5,5,5,5,5,5,7,5,5,5,5,5,5,5
2342,5,5,5,5,5,5,5,5,5,5,5,5,5,5,7,5,5,5,5,5,5,5
2343,5,5,5,5,5,5,5,5,5,5,5,5,5,5,7,5,5,5,5,5,5,5
2344,5,5,5,5,5,3,5,5,3,4,3,5,5,5,7,4,5,5,5,5,5,5
2345,5,5,5,5,5,5,5,5,5,5,5,5,5,5,7,5,5,5,5,5,5,3
2346,5,5,5,5,5,5,5,5,5,5,5,5,5,5,7,5,5,5,5,5,5,5
2347,5,5,,5,5,5,5,5,5,5,5,5,5,5,7,5,5,5,5,5,5,5
2348,5,5,5,5,4,5,5,5,5,5,3,5,5,5,7,5,5,5,5,5,5,5
2349,4,4,3,4,4,5,4,4,4,4,4,5,5,5,5,4,5,5,4,5,4,4
2350,3,4,4,5,5,5,5,5,5,5,5,5,5,3,6,5,5,5,5,5,4,5
2351,3,5,,5,5,4,5,5,5,5,5,5,5,5,3,3,5,5,5,5,3,3
2352,5,5,5,5,5,5,5,5,5,5,5,5,5,5,7,5,5,5,5,5,5,5
2353,5,5,5,5,5,3,5,5,2,3,2,5,5,5,7,5,5,5,5,5,5,5
2354,5,5,5,5,5,4,5,5,3,4,4,5,5,5,6,5,5,5,5,5,5,4
2355,5,5,4,5,4,5,5,5,5,5,5,5,5,5,5,5,5,5,5,5,5,5
2356,5,5,5,5,5,5,3,5,5,5,4,5,5,5,6,5,5,5,5,5,5,4
2357,5,5,5,5,5,5,5,5,5,5,5,5,5,5,7,5,5,5,5,5,4,5
2358,5,5,5,5,5,5,5,5,5,5,3,5,5,3,7,5,5,5,5,5,5,5
2359,5,5,5,5,5,5,5,5,5,5,5,5,5,5,7,5,5,5,5,5,5,5
2360,5,5,5,5,5,5,5,5,4,5,4,5,5,5,7,5,5,5,5,5,5,5
2361,5,5,5,5,5,5,5,5,4,5,5,5,5,5,7,5,5,5,5,5,5,5
2362,5,5,5,5,5,5,5,5,5,5,5,5,5,5,7,5,5,5,5,5,5,5
2363,5,5,5,5,5,5,5,5,5,5,5,5,5,5,7,5,5,5,5,5,5,5
2364,4,4,4,5,5,5,5,5,5,5,4,5,5,5,7,5,5,5,5,5,5,5
2365,5,5,5,5,5,5,5,5,5,5,1,5,5,5,7,5,5,5,5,5,5,5
2366,5,5,5,5,5,5,5,5,5,5,5,5,5,5,7,5,5,5,5,5,5,5
2367,5,5,5,5,5,5,5,5,5,5,4,5,5,5,6,5,5,5,5,5,5,5
2368,5,5,5,5,5,5,5,5,5,5,5,5,5,5,7,5,5,5,5,5,5,5
2369,5,5,5,5,5,5,5,5,5,5,5,5,5,5,7,5,5,5,5,5,5,5
2370,4,5,5,5,5,5,5,5,5,5,5,5,5,5,5,5,5,5,5,5,5,4
2371,5,5,5,5,5,5,5,5,5,5,4,5,5,5,6,4,5,5,5,5,,
2372,5,5,5,5,5,5,5,5,5,5,5,5,5,5,7,5,5,5,5,5,5,5
2373,4,5,4,4,4,5,4,4,3,4,5,5,5,5,5,4,5,5,5,5,5,5
2374,5,5,5,5,5,5,5,5,5,5,5,5,5,5,7,5,5,5,5,5,5,5
2375,5,5,5,5,5,5,5,5,5,5,5,5,5,4,7,5,5,5,5,5,5,5
2376,5,5,5,5,5,5,5,5,5,5,5,5,5,5,7,5,5,5,5,5,5,5
2377,5,5,5,5,5,5,5,5,5,5,5,5,5,5,7,5,5,5,5,5,5,5
2378,5,5,5,5,5,5,5,5,4,5,5,5,5,5,,5,5,5,5,5,5,3
2379,,5,3,5,4,5,5,5,5,5,5,5,5,5,7,5,5,5,5,5,5,2
2380,5,5,5,5,5,5,5,5,5,5,4,5,5,5,7,5,5,5,5,5,5,5
2381,5,5,5,3,5,5,,5,5,,5,5,5,,7,3,1,5,5,5,5,5
2382,5,5,5,5,5,5,5,5,5,5,4,5,5,5,6,5,5,5,5,5,5,5
2383,3,5,4,5,5,5,5,5,5,5,5,5,5,5,6,5,5,5,5,5,4,4
2384,5,5,5,5,5,5,5,5,4,5,4,5,5,5,7,5,5,5,5,5,5,5
2385,5,5,5,5,5,5,5,5,4,5,4,5,5,5,7,4,5,5,5,5,5,5
2386,5,5,5,5,5,5,5,5,5,5,3,5,5,5,7,5,5,5,5,5,5,5
2387,5,5,5,5,4,5,5,5,5,5,4,5,5,5,6,5,5,5,5,5,5,4
2388,5,5,5,5,4,5,5,4,5,5,5,5,5,4,6,4,5,5,4,4,5,5
2389,5,3,4,4,4,5,5,4,4,5,5,5,5,4,5,4,5,5,5,5,4,3
2390,5,5,5,5,5,5,5,5,4,5,5,5,5,5,7,5,5,5,5,5,5,5
2391,5,5,5,5,5,5,5,5,5,5,5,5,5,5,7,5,5,5,5,5,5,5
2392,,5,5,5,5,5,5,5,5,5,5,5,5,5,7,5,5,5,5,5,5,5
2393,3,5,5,5,5,5,5,5,5,5,5,5,5,5,7,5,5,5,5,5,5,5
2394,5,5,5,5,5,5,5,5,4,5,5,5,5,5,1,5,5,5,4,5,5,5
2395,5,5,5,5,5,5,5,5,5,5,5,5,5,5,7,5,5,5,5,5,5,5
2396,5,5,5,5,5,5,5,5,5,5,5,5,5,5,7,5,5,5,5,5,5,5
2397,5,5,3,5,5,5,3,5,5,5,5,5,5,5,6,4,5,5,5,5,5,5
2398,5,5,5,5,5,4,4,4,4,4,4,5,5,5,6,4,4,5,5,5,5,5
2399,2,4,5,5,5,4,5,5,3,4,3,5,5,4,7,5,5,5,5,5,5,4
2400,4,5,4,2,5,4,5,3,4,5,3,5,5,4,6,5,5,5,5,5,5,5
2401,5,5,4,4,3,5,5,5,5,5,5,5,5,4,5,5,5,5,5,5,5,2
2402,5,5,5,5,5,5,5,5,5,5,5,5,5,5,7,5,5,5,5,5,5,3
2403,5,5,5,5,5,5,4,5,5,5,4,5,5,5,6,5,1,5,5,5,5,5
2404,5,5,5,5,4,5,5,5,4,5,5,5,5,5,7,4,5,5,5,5,5,5
2405,5,5,5,5,5,5,5,5,5,5,5,5,5,5,7,5,5,5,5,5,5,5
2406,5,5,5,5,5,5,5,5,3,5,5,5,5,5,4,5,5,5,5,5,5,3
2407,5,3,3,4,4,5,5,5,3,4,4,5,5,4,4,4,5,5,4,5,5,4
2408,5,5,5,5,5,4,5,5,4,4,4,5,5,5,6,5,5,5,5,5,5,5
2409,5,5,5,5,5,4,5,5,4,4,5,5,5,5,7,5,5,5,5,5,5,4
2410,5,5,5,5,4,5,5,5,3,4,5,5,5,4,5,4,5,5,5,5,4,3
2411,5,5,3,5,4,5,3,5,5,5,5,5,5,2,3,4,5,5,5,5,5,3
2412,4,5,5,5,5,4,5,5,5,5,4,5,5,5,6,4,5,5,5,5,5,5
2413,5,5,5,5,5,5,5,5,5,5,5,5,5,5,7,5,5,5,5,5,5,3
2414,5,4,5,5,5,5,5,5,5,5,5,5,5,5,7,5,5,5,5,5,5,5
2415,3,3,4,5,5,5,3,5,4,5,5,5,5,5,4,3,5,5,5,5,3,2
2416,5,5,5,4,5,4,5,5,5,5,4,5,5,5,6,5,5,5,5,5,5,5
2417,5,5,5,5,5,5,5,5,5,5,5,5,5,5,7,4,5,4,5,5,5,5
2418,5,5,5,5,5,4,5,5,4,4,5,5,5,5,7,5,5,5,5,5,5,5
2419,5,5,5,5,4,4,4,5,4,4,5,5,4,4,6,5,5,5,4,5,5,5
2420,5,5,5,3,5,5,5,5,3,5,4,5,5,5,5,5,5,5,5,5,5,5
2421,5,5,5,5,5,5,5,5,5,5,5,5,5,5,7,5,5,5,5,5,5,4
2422,5,5,5,5,5,5,5,5,5,5,5,5,5,5,6,5,5,5,5,5,5,5
2423,5,5,5,5,5,5,5,5,4,5,5,5,5,5,6,5,5,5,5,5,5,5
2424,5,5,5,5,5,5,5,5,5,5,5,5,5,5,7,5,5,5,5,5,5,5
2425,5,5,5,5,5,5,5,5,5,5,4,5,5,5,7,5,5,5,5,5,5,5
2426,5,4,4,5,5,5,5,5,2,5,4,5,5,5,5,5,5,5,5,5,2,2
2427,4,5,5,5,5,5,5,5,5,5,5,5,5,5,7,5,5,5,5,5,5,5
2428,5,5,5,5,5,5,5,5,5,5,5,5,5,5,7,5,5,5,5,5,5,5
2429,5,5,4,4,5,5,5,,5,5,4,5,5,5,7,5,5,5,5,5,5,4
2430,5,5,5,5,5,4,5,5,3,3,4,5,5,5,7,4,5,5,5,5,4,4
2431,5,4,5,4,4,4,5,4,3,4,4,5,5,5,7,4,5,5,5,5,5,5
2432,5,4,5,5,5,4,5,5,4,4,3,5,5,5,7,5,5,5,5,5,3,3
2433,3,4,5,5,5,4,5,5,3,4,3,5,5,4,7,4,5,5,4,5,5,5
2434,5,5,5,4,4,5,4,4,5,5,5,5,5,5,4,5,5,5,5,5,3,3
2435,5,4,2,5,5,5,5,5,5,5,3,5,5,5,6,5,5,5,5,5,5,4
2436,5,5,5,5,5,5,5,5,5,5,5,5,5,5,6,5,5,5,5,5,5,5
2437,5,5,5,4,4,5,5,5,5,5,5,5,5,4,7,5,5,5,5,5,5,5
2438,3,5,5,5,5,5,5,5,5,5,5,5,5,5,7,5,5,5,5,5,5,5
2439,5,5,5,5,5,5,5,5,4,5,5,5,5,5,6,5,5,5,5,5,5,5
2440,5,5,5,4,5,5,5,5,5,5,5,5,5,5,6,5,5,5,5,5,5,5
2441,5,5,5,5,5,1,5,5,1,1,1,5,5,5,7,5,5,5,5,5,5,3
2442,5,5,5,5,5,5,5,5,4,4,4,5,5,5,6,5,5,5,5,5,5,5
2443,5,5,5,5,5,3,5,3,2,4,2,5,5,3,5,4,5,5,5,5,5,5
2444,5,5,5,5,4,5,5,5,5,5,5,5,5,5,7,5,5,5,5,5,5,5
2445,5,5,5,5,5,5,5,5,5,5,5,5,5,5,7,5,5,5,5,5,4,4
2446,5,5,5,5,5,5,5,5,5,5,5,5,5,5,6,5,5,5,5,5,5,4
2447,5,5,5,5,5,5,5,5,5,5,5,5,5,5,4,5,5,5,5,5,5,5
2448,5,5,5,5,5,5,5,5,3,5,3,5,5,5,7,5,5,5,5,5,5,5
2449,5,5,5,5,5,5,5,5,5,5,5,5,5,5,7,5,5,5,5,5,5,5
2450,5,5,5,4,5,4,4,4,4,5,4,5,5,4,5,5,5,5,5,5,4,4
2451,5,5,4,5,5,5,5,5,5,5,5,5,5,5,7,5,5,5,5,5,5,5
2452,,5,5,5,5,5,5,5,5,5,5,5,5,5,7,5,5,5,5,5,5,3
2453,5,5,5,5,5,4,5,4,5,5,5,5,5,4,5,4,5,5,5,5,5,3
2454,5,5,5,5,5,5,5,5,5,5,5,5,5,5,7,5,5,5,5,5,5,5
2455,5,5,5,5,5,5,5,5,5,5,5,5,5,5,7,4,5,5,5,5,5,5
2456,5,5,5,5,5,5,5,5,5,5,5,5,5,5,7,5,5,5,5,5,5,5
2457,5,2,3,4,4,4,5,5,1,5,2,5,5,5,7,5,5,5,5,5,5,5
2458,5,2,4,5,4,5,5,5,5,5,5,5,5,5,7,5,5,5,5,5,5,5
2459,5,5,5,5,5,5,5,5,5,3,5,5,5,5,7,5,5,5,5,5,5,5
2460,5,5,5,5,5,5,5,5,4,4,4,5,5,5,7,4,5,5,5,5,4,5
2461,5,5,5,5,5,5,5,5,5,5,5,5,5,5,6,5,5,5,5,5,5,5
2462,5,5,4,4,4,5,5,4,5,5,5,5,5,4,7,5,5,5,5,5,5,5
2463,5,5,5,5,5,5,5,5,5,5,5,5,5,5,7,5,5,5,5,5,5,5
2464,4,5,5,5,4,5,5,5,5,4,4,5,5,5,7,5,5,5,5,5,3,5
2465,5,5,4,5,5,5,5,5,5,5,5,5,5,5,5,5,5,5,5,4,5,5
2466,5,5,4,5,3,5,5,4,4,5,5,5,5,5,6,4,5,5,5,5,5,5
2467,3,5,5,4,5,5,5,4,5,5,4,5,5,5,6,5,5,5,5,5,5,4
2468,5,5,5,5,5,5,5,5,5,5,5,5,5,5,7,5,5,5,5,5,5,5
2469,1,5,5,5,5,5,5,5,5,5,5,5,5,5,7,5,5,5,5,5,5,5
2470,5,4,5,5,5,5,5,5,5,5,5,5,5,5,7,5,5,5,5,5,5,5
2471,5,5,5,5,5,5,5,5,5,5,4,5,5,5,7,5,5,5,5,5,5,5
2472,5,5,4,5,5,5,5,5,5,5,5,5,5,4,6,5,5,5,5,5,4,5
2473,5,5,5,5,5,5,5,5,5,5,5,5,5,5,7,5,5,5,5,5,5,5
2474,5,5,5,5,5,4,5,5,3,5,5,5,5,5,7,5,5,5,5,5,5,5
2475,5,5,5,5,5,5,5,5,5,5,5,5,5,5,7,5,5,5,5,5,5,5
2476,5,4,4,5,5,5,5,5,5,5,5,5,5,5,5,5,5,5,5,5,3,4
2477,5,5,5,5,5,5,5,5,5,5,5,5,5,5,4,5,5,5,5,5,5,5
2478,5,5,5,5,5,5,5,5,5,5,5,5,5,5,7,4,5,4,5,5,5,5
2479,4,5,5,5,5,5,5,5,5,5,5,5,5,5,7,5,5,5,5,5,5,5
2480,3,5,5,3,3,5,3,3,5,5,5,5,5,4,4,5,5,4,5,3,4,4
2481,5,3,5,5,5,5,5,5,3,5,5,5,5,5,7,5,5,5,5,5,5,5
2482,5,5,5,5,5,5,5,5,5,5,5,5,5,5,5,5,5,5,5,5,5,4
2483,5,5,5,5,5,5,5,5,5,5,5,5,5,5,6,4,5,5,5,5,5,5
2484,5,5,5,5,5,4,5,5,5,5,4,5,5,5,7,5,5,5,5,5,5,5
2485,5,5,5,5,5,5,5,5,5,5,5,5,5,4,7,5,5,5,5,5,4,5
2486,,5,5,5,5,5,5,5,5,5,5,5,5,5,6,5,5,5,5,5,5,5
2487,3,5,5,5,5,5,5,5,5,5,5,5,5,5,7,3,5,5,5,5,5,5
2488,,5,5,5,5,5,5,5,5,5,5,5,5,5,7,4,5,5,5,5,5,5