employee_id,hourly_rate,daily_comp,monthly_comp,annual_comp,standard_hours
1001,94,752,16293,195520,80
1002,61,488,10573,126880,80
1003,92,736,15947,191360,80
1004,56,448,9707,116480,80
1005,40,320,6933,83200,80
1006,79,632,13693,164320,80
1007,81,648,14040,168480,80
1008,67,536,11613,139360,80
1009,44,352,7627,91520,80
1010,94,752,16293,195520,80
1011,84,672,14560,174720,80
1012,49,392,8493,101920,80
1013,31,248,5373,64480,80
1014,93,744,16120,193440,80
1015,50,400,8667,104000,80
1016,51,408,8840,106080,80
1017,80,640,13867,166400,80
1018,96,768,16640,199680,80
1019,78,624,13520,162240,80
1020,45,360,7800,93600,80
1021,96,768,16640,199680,80
1022,82,656,14213,170560,80
1023,53,424,9187,110240,80
1024,96,768,16640,199680,80
1025,83,664,14387,172640,80
1026,58,464,10053,120640,80
1027,72,576,12480,149760,80
1028,48,384,8320,99840,80
1029,42,336,7280,87360,80
1030,83,664,14387,172640,80
1031,78,624,13520,162240,80
1032,41,328,7107,85280,80
1033,83,664,14387,172640,80
1034,56,448,9707,116480,80
1035,61,488,10573,126880,80
1036,72,576,12480,149760,80
1037,86,688,14907,178880,80
1038,97,776,16813,201760,80
1039,82,656,14213,170560,80
1040,42,336,7280,87360,80
1041,75,600,13000,156000,80
1042,33,264,5720,68640,80
1043,48,384,8320,99840,80
1044,37,296,6413,76960,80
1045,58,464,10053,120640,80
1046,49,392,8493,101920,80
1047,72,576,12480,149760,80
1048,73,584,12653,151840,80
1049,98,784,16987,203840,80
1050,36,288,6240,74880,80
1051,98,784,16987,203840,80
1052,50,400,8667,104000,80
1053,75,600,13000,156000,80
1054,79,632,13693,164320,80
1055,47,376,8147,97760,80
1056,98,784,16987,203840,80
1057,71,568,12307,147680,80
1058,30,240,5200,62400,80
1059,48,384,8320,99840,80
1060,51,408,8840,106080,80
1061,33,264,5720,68640,80
1062,50,400,8667,104000,80
1063,43,344,7453,89440,80
1064,99,792,17160,205920,80
1065,59,472,10227,122720,80
1066,33,264,5720,68640,80
1067,95,760,16467,197600,80
1068,59,472,10227,122720,80
1069,79,632,13693,164320,80
1070,79,632,13693,164320,80
1071,57,456,9880,118560,80
1072,76,608,13173,158080,80
1073,87,696,15080,180960,80
1074,66,528,11440,137280,80
1075,55,440,9533,114400,80
1076,61,488,10573,126880,80
1077,32,256,5547,66560,80
1078,52,416,9013,108160,80
1079,30,240,5200,62400,80
1080,80,640,13867,166400,80
1081,55,440,9533,114400,80
1082,30,240,5200,62400,80
1083,70,560,12133,145600,80
1084,79,632,13693,164320,80
1085,94,752,16293,195520,80
1086,49,392,8493,101920,80
1087,62,496,10747,128960,80
1088,96,768,16640,199680,80
1089,99,792,17160,205920,80
1090,64,512,11093,133120,80
1091,78,624,13520,162240,80
1092,71,568,12307,147680,80
1093,63,504,10920,131040,80
1094,40,320,6933,83200,80
1095,87,696,15080,180960,80
1096,60,480,10400,124800,80
1097,33,264,5720,68640,80
1098,43,344,7453,89440,80
1099,37,296,6413,76960,80
1100,67,536,11613,139360,80
1101,63,504,10920,131040,80
1102,71,568,12307,147680,80
1103,66,528,11440,137280,80
1104,41,328,7107,85280,80
1105,100,800,17333,208000,80
1106,32,256,5547,66560,80
1107,73,584,12653,151840,80
1108,46,368,7973,95680,80
1109,64,512,11093,133120,80
1110,59,472,10227,122720,80
1111,30,240,5200,62400,80
1112,66,528,11440,137280,80
1113,30,240,5200,62400,80
1114,52,416,9013,108160,80
1115,45,360,7800,93600,80
1116,87,696,15080,180960,80
1117,45,360,7800,93600,80
1118,92,736,15947,191360,80
1119,39,312,6760,81120,80
1120,92,736,15947,191360,80
1121,96,768,16640,199680,80
1122,95,760,16467,197600,80
1123,72,576,12480,149760,80
1124,51,408,8840,106080,80
1125,76,608,13173,158080,80
1126,46,368,7973,95680,80
1127,94,752,16293,195520,80
1128,50,400,8667,104000,80
1129,100,800,17333,208000,80
1130,96,768,16640,199680,80
1131,72,576,12480,149760,80
1132,77,616,13347,160160,80
1133,71,568,12307,147680,80
1134,96,768,16640,199680,80
1135,61,488,10573,126880,80
1136,84,672,14560,174720,80
1137,53,424,9187,110240,80
1138,47,376,8147,97760,80
1139,41,328,7107,85280,80
1140,48,384,8320,99840,80
1141,41,328,7107,85280,80
1142,83,664,14387,172640,80
1143,32,256,5547,66560,80
1144,75,600,13000,156000,80
1145,35,280,6067,72800,80
1146,84,672,14560,174720,80
1147,35,280,6067,72800,80
1148,91,728,15773,189280,80
1149,94,752,16293,195520,80
1150,79,632,13693,164320,80
1151,54,432,9360,112320,80
1152,94,752,16293,195520,80
1153,34,272,5893,70720,80
1154,60,480,10400,124800,80
1155,43,344,7453,89440,80
1156,41,328,7107,85280,80
1157,34,272,5893,70720,80
1158,75,600,13000,156000,80
1159,67,536,11613,139360,80
1160,75,600,13000,156000,80
1161,80,640,13867,166400,80
1162,57,456,9880,118560,80
1163,42,336,7280,87360,80
1164,83,664,14387,172640,80
1165,79,632,13693,164320,80
1166,53,424,9187,110240,80
1167,56,448,9707,116480,80
1168,41,328,7107,85280,80
1169,59,472,10227,122720,80
1170,43,344,7453,89440,80
1171,51,408,8840,106080,80
1172,100,800,17333,208000,80
1173,30,240,5200,62400,80
1174,66,528,11440,137280,80
1175,30,240,5200,62400,80
1176,67,536,11613,139360,80
1177,90,720,15600,187200,80
1178,47,376,8147,97760,80
1179,92,736,15947,191360,80
1180,75,600,13000,156000,80
1181,95,760,16467,197600,80
1182,95,760,16467,197600,80
1183,70,560,12133,145600,80
1184,86,688,14907,178880,80
1185,57,456,9880,118560,80
1186,72,576,12480,149760,80
1187,46,368,7973,95680,80
1188,61,488,10573,126880,80
1189,45,360,7800,93600,80
1190,98,784,16987,203840,80
1191,65,520,11267,135200,80
1192,99,792,17160,205920,80
1193,50,400,8667,104000,80
1194,37,296,6413,76960,80
1195,65,520,11267,135200,80
1196,65,520,11267,135200,80
1197,37,296,6413,76960,80
1198,36,288,6240,74880,80
1199,88,704,15253,183040,80
1200,54,432,9360,112320,80
1201,60,480,10400,124800,80
1202,92,736,15947,191360,80
1203,43,344,7453,89440,80
1204,99,792,17160,205920,80
1205,70,560,12133,145600,80
1206,35,280,6067,72800,80
1207,60,480,10400,124800,80
1208,73,584,12653,151840,80
1209,63,504,10920,131040,80
1210,97,776,16813,201760,80
1211,32,256,5547,66560,80
1212,88,704,15253,183040,80
1213,90,720,15600,187200,80
1214,81,648,14040,168480,80
1215,88,704,15253,183040,80
1216,75,600,13000,156000,80
1217,52,416,9013,108160,80
1218,85,680,14733,176800,80
1219,57,456,9880,118560,80
1220,52,416,9013,108160,80
1221,62,496,10747,128960,80
1222,47,376,8147,97760,80
1223,47,376,8147,97760,80
1224,76,608,13173,158080,80
1225,90,720,15600,187200,80
1226,70,560,12133,145600,80
1227,41,328,7107,85280,80
1228,42,336,7280,87360,80
1229,92,736,15947,191360,80
1230,86,688,14907,178880,80
1231,89,712,15427,185120,80
1232,58,464,10053,120640,80
1233,52,416,9013,108160,80
1234,68,544,11787,141440,80
1235,58,464,10053,120640,80
1236,80,640,13867,166400,80
1237,39,312,6760,81120,80
1238,79,632,13693,164320,80
1239,56,448,9707,116480,80
1240,62,496,10747,128960,80
1241,96,768,16640,199680,80
1242,100,800,17333,208000,80
1243,36,288,6240,74880,80
1244,62,496,10747,128960,80
1245,70,560,12133,145600,80
1246,73,584,12653,151840,80
1247,63,504,10920,131040,80
1248,84,672,14560,174720,80
1249,83,664,14387,172640,80
1250,77,616,13347,160160,80
1251,61,488,10573,126880,80
1252,64,512,11093,133120,80
1253,60,480,10400,124800,80
1254,82,656,14213,170560,80
1255,45,360,7800,93600,80
1256,62,496,10747,128960,80
1257,56,448,9707,116480,80
1258,49,392,8493,101920,80
1259,96,768,16640,199680,80
1260,71,568,12307,147680,80
1261,100,800,17333,208000,80
1262,39,312,6760,81120,80
1263,84,672,14560,174720,80
1264,75,600,13000,156000,80
1265,79,632,13693,164320,80
1266,78,624,13520,162240,80
1267,64,512,11093,133120,80
1268,85,680,14733,176800,80
1269,79,632,13693,164320,80
1270,47,376,8147,97760,80
1271,81,648,14040,168480,80
1272,88,704,15253,183040,80
1273,94,752,16293,195520,80
1274,98,784,16987,203840,80
1275,100,800,17333,208000,80
1276,80,640,13867,166400,80
1277,71,568,12307,147680,80
1278,44,352,7627,91520,80
1279,84,672,14560,174720,80
1280,96,768,16640,199680,80
1281,45,360,7800,93600,80
1282,99,792,17160,205920,80
1283,44,352,7627,91520,80
1284,37,296,6413,76960,80
1285,60,480,10400,124800,80
1286,42,336,7280,87360,80
1287,43,344,7453,89440,80
1288,82,656,14213,170560,80
1289,45,360,7800,93600,80
1290,66,528,11440,137280,80
1291,35,280,6067,72800,80
1292,30,240,5200,62400,80
1293,84,672,14560,174720,80
1294,48,384,8320,99840,80
1295,53,424,9187,110240,80
1296,77,616,13347,160160,80
1297,54,432,9360,112320,80
1298,96,768,16640,199680,80
1299,81,648,14040,168480,80
1300,84,672,14560,174720,80
1301,88,704,15253,183040,80
1302,69,552,11960,143520,80
1303,68,544,11787,141440,80
1304,100,800,17333,208000,80
1305,48,384,8320,99840,80
1306,47,376,8147,97760,80
1307,91,728,15773,189280,80
1308,81,648,14040,168480,80
1309,32,256,5547,66560,80
1310,86,688,14907,178880,80
1311,62,496,10747,128960,80
1312,97,776,16813,201760,80
1313,32,256,5547,66560,80
1314,74,592,12827,153920,80
1315,99,792,17160,205920,80
1316,33,264,5720,68640,80
1317,90,720,15600,187200,80
1318,85,680,14733,176800,80
1319,85,680,14733,176800,80
1320,65,520,11267,135200,80
1321,74,592,12827,153920,80
1322,73,584,12653,151840,80
1323,74,592,12827,153920,80
1324,84,672,14560,174720,80
1325,64,512,11093,133120,80
1326,48,384,8320,99840,80
1327,54,432,9360,112320,80
1328,41,328,7107,85280,80
1329,46,368,7973,95680,80
1330,42,336,7280,87360,80
1331,82,656,14213,170560,80
1332,73,584,12653,151840,80
1333,31,248,5373,64480,80
1334,43,344,7453,89440,80
1335,75,600,13000,156000,80
1336,57,456,9880,118560,80
1337,77,616,13347,160160,80
1338,30,240,5200,62400,80
1339,30,240,5200,62400,80
1340,56,448,9707,116480,80
1341,61,488,10573,126880,80
1342,92,736,15947,191360,80
1343,39,312,6760,81120,80
1344,39,312,6760,81120,80
1345,62,496,10747,128960,80
1346,83,664,14387,172640,80
1347,95,760,16467,197600,80
1348,99,792,17160,205920,80
1349,44,352,7627,91520,80
1350,61,488,10573,126880,80
1351,52,416,9013,108160,80
1352,75,600,13000,156000,80
1353,91,728,15773,189280,80
1354,51,408,8840,106080,80
1355,85,680,14733,176800,80
1356,57,456,9880,118560,80
1357,98,784,16987,203840,80
1358,99,792,17160,205920,80
1359,45,360,7800,93600,80
1360,48,384,8320,99840,80
1361,88,704,15253,183040,80
1362,46,368,7973,95680,80
1363,39,312,6760,81120,80
1364,34,272,5893,70720,80
1365,98,784,16987,203840,80
1366,30,240,5200,62400,80
1367,56,448,9707,116480,80
1368,100,800,17333,208000,80
1369,68,544,11787,141440,80
1370,42,336,7280,87360,80
1371,90,720,15600,187200,80
1372,54,432,9360,112320,80
1373,97,776,16813,201760,80
1374,82,656,14213,170560,80
1375,92,736,15947,191360,80
1376,31,248,5373,64480,80
1377,87,696,15080,180960,80
1378,96,768,16640,199680,80
1379,67,536,11613,139360,80
1380,97,776,16813,201760,80
1381,77,616,13347,160160,80
1382,72,576,12480,149760,80
1383,73,584,12653,151840,80
1384,43,344,7453,89440,80
1385,61,488,10573,126880,80
1386,40,320,6933,83200,80
1387,95,760,16467,197600,80
1388,46,368,7973,95680,80
1389,95,760,16467,197600,80
1390,49,392,8493,101920,80
1391,59,472,10227,122720,80
1392,78,624,13520,162240,80
1393,86,688,14907,178880,80
1394,72,576,12480,149760,80
1395,31,248,5373,64480,80
1396,61,488,10573,126880,80
1397,74,592,12827,153920,80
1398,99,792,17160,205920,80
1399,72,576,12480,149760,80
1400,98,784,16987,203840,80
1401,52,416,9013,108160,80
1402,86,688,14907,178880,80
1403,83,664,14387,172640,80
1404,49,392,8493,101920,80
1405,79,632,13693,164320,80
1406,91,728,15773,189280,80
1407,39,312,6760,81120,80
1408,69,552,11960,143520,80
1409,30,240,5200,62400,80
1410,92,736,15947,191360,80
1411,43,344,7453,89440,80
1412,41,328,7107,85280,80
1413,87,696,15080,180960,80
1414,88,704,15253,183040,80
1415,62,496,10747,128960,80
1416,33,264,5720,68640,80
1417,42,336,7280,87360,80
1418,79,632,13693,164320,80
1419,90,720,15600,187200,80
1420,53,424,9187,110240,80
1421,93,744,16120,193440,80
1422,71,568,12307,147680,80
1423,52,416,9013,108160,80
1424,69,552,11960,143520,80
1425,56,448,9707,116480,80
1426,88,704,15253,183040,80
1427,49,392,8493,101920,80
1428,80,640,13867,166400,80
1429,65,520,11267,135200,80
1430,51,408,8840,106080,80
1431,46,368,7973,95680,80
1432,42,336,7280,87360,80
1433,62,496,10747,128960,80
1434,94,752,16293,195520,80
1435,33,264,5720,68640,80
1436,56,448,9707,116480,80
1437,38,304,6587,79040,80
1438,57,456,9880,118560,80
1439,72,576,12480,149760,80
1440,66,528,11440,137280,80
1441,43,344,7453,89440,80
1442,97,776,16813,201760,80
1443,32,256,5547,66560,80
1444,99,792,17160,205920,80
1445,37,296,6413,76960,80
1446,83,664,14387,172640,80
1447,56,448,9707,116480,80
1448,85,680,14733,176800,80
1449,75,600,13000,156000,80
1450,48,384,8320,99840,80
1451,77,616,13347,160160,80
1452,56,448,9707,116480,80
1453,61,488,10573,126880,80
1454,58,464,10053,120640,80
1455,34,272,5893,70720,80
1456,95,760,16467,197600,80
1457,44,352,7627,91520,80
1458,69,552,11960,143520,80
1459,58,464,10053,120640,80
1460,62,496,10747,128960,80
1461,45,360,7800,93600,80
1462,80,640,13867,166400,80
1463,74,592,12827,153920,80
1464,66,528,11440,137280,80
1465,59,472,10227,122720,80
1466,86,688,14907,178880,80
1467,91,728,15773,189280,80
1468,69,552,11960,143520,80
1469,78,624,13520,162240,80
1470,60,480,10400,124800,80
1471,38,304,6587,79040,80
1472,76,608,13173,158080,80
1473,65,520,11267,135200,80
1474,58,464,10053,120640,80
1475,89,712,15427,185120,80
1476,66,528,11440,137280,80
1477,94,752,16293,195520,80
1478,99,792,17160,205920,80
1479,40,320,6933,83200,80
1480,55,440,9533,114400,80
1481,74,592,12827,153920,80
1482,83,664,14387,172640,80
1483,46,368,7973,95680,80
1484,54,432,9360,112320,80
1485,66,528,11440,137280,80
1486,66,528,11440,137280,80
1487,75,600,13000,156000,80
1488,83,664,14387,172640,80
1489,81,648,14040,168480,80
1490,50,400,8667,104000,80
1491,43,344,7453,89440,80
1492,72,576,12480,149760,80
1493,40,320,6933,83200,80
1494,50,400,8667,104000,80
1495,31,248,5373,64480,80
1496,85,680,14733,176800,80
1497,49,392,8493,101920,80
1498,35,280,6067,72800,80
1499,69,552,11960,143520,80
1500,39,312,6760,81120,80
1501,92,736,15947,191360,80
1502,71,568,12307,147680,80
1503,34,272,5893,70720,80
1504,42,336,7280,87360,80
1505,100,800,17333,208000,80
1506,71,568,12307,147680,80
1507,36,288,6240,74880,80
1508,62,496,10747,128960,80
1509,82,656,14213,170560,80
1510,30,240,5200,62400,80
1511,88,704,15253,183040,80
1512,48,384,8320,99840,80
1513,54,432,9360,112320,80
1514,32,256,5547,66560,80
1515,70,560,12133,145600,80
1516,41,328,7107,85280,80
1517,58,464,10053,120640,80
1518,57,456,9880,118560,80
1519,46,368,7973,95680,80
1520,76,608,13173,158080,80
1521,56,448,9707,116480,80
1522,71,568,12307,147680,80
1523,80,640,13867,166400,80
1524,74,592,12827,153920,80
1525,46,368,7973,95680,80
1526,65,520,11267,135200,80
1527,80,640,13867,166400,80
1528,55,440,9533,114400,80
1529,50,400,8667,104000,80
1530,33,264,5720,68640,80
1531,68,544,11787,141440,80
1532,39,312,6760,81120,80
1533,42,336,7280,87360,80
1534,48,384,8320,99840,80
1535,59,472,10227,122720,80
1536,73,584,12653,151840,80
1537,84,672,14560,174720,80
1538,32,256,5547,66560,80
1539,59,472,10227,122720,80
1540,54,432,9360,112320,80
1541,67,536,11613,139360,80
1542,63,504,10920,131040,80
1543,81,648,14040,168480,80
1544,49,392,8493,101920,80
1545,49,392,8493,101920,80
1546,99,792,17160,205920,80
1547,99,792,17160,205920,80
1548,57,456,9880,118560,80
1549,47,376,8147,97760,80
1550,96,768,16640,199680,80
1551,37,296,6413,76960,80
1552,44,352,7627,91520,80
1553,81,648,14040,168480,80
1554,86,688,14907,178880,80
1555,55,440,9533,114400,80
1556,83,664,14387,172640,80
1557,86,688,14907,178880,80
1558,61,488,10573,126880,80
1559,80,640,13867,166400,80
1560,92,736,15947,191360,80
1561,32,256,5547,66560,80
1562,31,248,5373,64480,80
1563,63,504,10920,131040,80
1564,32,256,5547,66560,80
1565,46,368,7973,95680,80
1566,79,632,13693,164320,80
1567,77,616,13347,160160,80
1568,60,480,10400,124800,80
1569,78,624,13520,162240,80
1570,76,608,13173,158080,80
1571,41,328,7107,85280,80
1572,71,568,12307,147680,80
1573,66,528,11440,137280,80
1574,38,304,6587,79040,80
1575,72,576,12480,149760,80
1576,95,760,16467,197600,80
1577,84,672,14560,174720,80
1578,82,656,14213,170560,80
1579,75,600,13000,156000,80
1580,86,688,14907,178880,80
1581,72,576,12480,149760,80
1582,38,304,6587,79040,80
1583,38,304,6587,79040,80
1584,93,744,16120,193440,80
1585,66,528,11440,137280,80
1586,63,504,10920,131040,80
1587,60,480,10400,124800,80
1588,82,656,14213,170560,80
1589,64,512,11093,133120,80
1590,36,288,6240,74880,80
1591,49,392,8493,101920,80
1592,69,552,11960,143520,80
1593,33,264,5720,68640,80
1594,35,280,6067,72800,80
1595,81,648,14040,168480,80
1596,31,248,5373,64480,80
1597,40,320,6933,83200,80
1598,43,344,7453,89440,80
1599,46,368,7973,95680,80
1600,36,288,6240,74880,80
1601,98,784,16987,203840,80
1602,51,408,8840,106080,80
1603,52,416,9013,108160,80
1604,95,760,16467,197600,80
1605,98,784,16987,203840,80
1606,45,360,7800,93600,80
1607,100,800,17333,208000,80
1608,43,344,7453,89440,80
1609,37,296,6413,76960,80
1610,94,752,16293,195520,80
1611,42,336,7280,87360,80
1612,59,472,10227,122720,80
1613,81,648,14040,168480,80
1614,88,704,15253,183040,80
1615,88,704,15253,183040,80
1616,50,400,8667,104000,80
1617,66,528,11440,137280,80
1618,50,400,8667,104000,80
1619,65,520,11267,135200,80
1620,48,384,8320,99840,80
1621,53,424,9187,110240,80
1622,56,448,9707,116480,80
1623,73,584,12653,151840,80
1624,75,600,13000,156000,80
1625,78,624,13520,162240,80
1626,74,592,12827,153920,80
1627,91,728,15773,189280,80
1628,81,648,14040,168480,80
1629,66,528,11440,137280,80
1630,63,504,10920,131040,80
1631,33,264,5720,68640,80
1632,62,496,10747,128960,80
1633,35,280,6067,72800,80
1634,77,616,13347,160160,80
1635,98,784,16987,203840,80
1636,66,528,11440,137280,80
1637,96,768,16640,199680,80
1638,61,488,10573,126880,80
1639,87,696,15080,180960,80
1640,36,288,6240,74880,80
1641,46,368,7973,95680,80
1642,48,384,8320,99840,80
1643,98,784,16987,203840,80
1644,95,760,16467,197600,80
1645,48,384,8320,99840,80
1646,48,384,8320,99840,80
1647,73,584,12653,151840,80
1648,78,624,13520,162240,80
1649,54,432,9360,112320,80
1650,72,576,12480,149760,80
1651,33,264,5720,68640,80
1652,35,280,6067,72800,80
1653,32,256,5547,66560,80
1654,98,784,16987,203840,80
1655,42,336,7280,87360,80
1656,57,456,9880,118560,80
1657,87,696,15080,180960,80
1658,62,496,10747,128960,80
1659,61,488,10573,126880,80
1660,98,784,16987,203840,80
1661,57,456,9880,118560,80
1662,55,440,9533,114400,80
1663,49,392,8493,101920,80
1664,65,520,11267,135200,80
1665,68,544,11787,141440,80
1666,65,520,11267,135200,80
1667,34,272,5893,70720,80
1668,57,456,9880,118560,80
1669,77,616,13347,160160,80
1670,70,560,12133,145600,80
1671,76,608,13173,158080,80
1672,83,664,14387,172640,80
1673,68,544,11787,141440,80
1674,100,800,17333,208000,80
1675,37,296,6413,76960,80
1676,41,328,7107,85280,80
1677,51,408,8840,106080,80
1678,51,408,8840,106080,80
1679,51,408,8840,106080,80
1680,45,360,7800,93600,80
1681,65,520,11267,135200,80
1682,80,640,13867,166400,80
1683,70,560,12133,145600,80
1684,36,288,6240,74880,80
1685,67,536,11613,139360,80
1686,52,416,9013,108160,80
1687,59,472,10227,122720,80
1688,79,632,13693,164320,80
1689,37,296,6413,76960,80
1690,84,672,14560,174720,80
1691,41,328,7107,85280,80
1692,35,280,6067,72800,80
1693,93,744,16120,193440,80
1694,51,408,8840,106080,80
1695,42,336,7280,87360,80
1696,46,368,7973,95680,80
1697,57,456,9880,118560,80
1698,84,672,14560,174720,80
1699,86,688,14907,178880,80
1700,70,560,12133,145600,80
1701,51,408,8840,106080,80
1702,45,360,7800,93600,80
1703,62,496,10747,128960,80
1704,85,680,14733,176800,80
1705,92,736,15947,191360,80
1706,41,328,7107,85280,80
1707,100,800,17333,208000,80
1708,64,512,11093,133120,80
1709,84,672,14560,174720,80
1710,46,368,7973,95680,80
1711,38,304,6587,79040,80
1712,92,736,15947,191360,80
1713,53,424,9187,110240,80
1714,91,728,15773,189280,80
1715,66,528,11440,137280,80
1716,84,672,14560,174720,80
1717,64,512,11093,133120,80
1718,37,296,6413,76960,80
1719,42,336,7280,87360,80
1720,83,664,14387,172640,80
1721,48,384,8320,99840,80
1722,95,760,16467,197600,80
1723,66,528,11440,137280,80
1724,75,600,13000,156000,80
1725,41,328,7107,85280,80
1726,39,312,6760,81120,80
1727,96,768,16640,199680,80
1728,73,584,12653,151840,80
1729,56,448,9707,116480,80
1730,57,456,9880,118560,80
1731,73,584,12653,151840,80
1732,98,784,16987,203840,80
1733,60,480,10400,124800,80
1734,32,256,5547,66560,80
1735,94,752,16293,195520,80
1736,97,776,16813,201760,80
1737,78,624,13520,162240,80
1738,42,336,7280,87360,80
1739,65,520,11267,135200,80
1740,47,376,8147,97760,80
1741,45,360,7800,93600,80
1742,90,720,15600,187200,80
1743,64,512,11093,133120,80
1744,69,552,11960,143520,80
1745,61,488,10573,126880,80
1746,62,496,10747,128960,80
1747,55,440,9533,114400,80
1748,42,336,7280,87360,80
1749,79,632,13693,164320,80
1750,57,456,9880,118560,80
1751,53,424,9187,110240,80
1752,95,760,16467,197600,80
1753,43,344,7453,89440,80
1754,82,656,14213,170560,80
1755,88,704,15253,183040,80
1756,90,720,15600,187200,80
1757,69,552,11960,143520,80
1758,75,600,13000,156000,80
1759,66,528,11440,137280,80
1760,36,288,6240,74880,80
1761,38,304,6587,79040,80
1762,81,648,14040,168480,80
1763,57,456,9880,118560,80
1764,87,696,15080,180960,80
1765,74,592,12827,153920,80
1766,44,352,7627,91520,80
1767,62,496,10747,128960,80
1768,35,280,6067,72800,80
1769,74,592,12827,153920,80
1770,66,528,11440,137280,80
1771,40,320,6933,83200,80
1772,41,328,7107,85280,80
1773,63,504,10920,131040,80
1774,51,408,8840,106080,80
1775,40,320,6933,83200,80
1776,79,632,13693,164320,80
1777,54,432,9360,112320,80
1778,36,288,6240,74880,80
1779,74,592,12827,153920,80
1780,34,272,5893,70720,80
1781,72,576,12480,149760,80
1782,59,472,10227,122720,80
1783,85,680,14733,176800,80
1784,43,344,7453,89440,80
1785,65,520,11267,135200,80
1786,61,488,10573,126880,80
1787,87,696,15080,180960,80
1788,65,520,11267,135200,80
1789,59,472,10227,122720,80
1790,91,728,15773,189280,80
1791,34,272,5893,70720,80
1792,86,688,14907,178880,80
1793,54,432,9360,112320,80
1794,50,400,8667,104000,80
1795,45,360,7800,93600,80
1796,88,704,15253,183040,80
1797,32,256,5547,66560,80
1798,37,296,6413,76960,80
1799,55,440,9533,114400,80
1800,35,280,6067,72800,80
1801,45,360,7800,93600,80
1802,81,648,14040,168480,80
1803,30,240,5200,62400,80
1804,40,320,6933,83200,80
1805,35,280,6067,72800,80
1806,65,520,11267,135200,80
1807,87,696,15080,180960,80
1808,73,584,12653,151840,80
1809,93,744,16120,193440,80
1810,93,744,16120,193440,80
1811,52,416,9013,108160,80
1812,32,256,5547,66560,80
1813,83,664,14387,172640,80
1814,84,672,14560,174720,80
1815,44,352,7627,91520,80
1816,70,560,12133,145600,80
1817,70,560,12133,145600,80
1818,78,624,13520,162240,80
1819,67,536,11613,139360,80
1820,67,536,11613,139360,80
1821,54,432,9360,112320,80
1822,56,448,9707,116480,80
1823,95,760,16467,197600,80
1824,61,488,10573,126880,80
1825,56,448,9707,116480,80
1826,79,632,13693,164320,80
1827,37,296,6413,76960,80
1828,39,312,6760,81120,80
1829,80,640,13867,166400,80
1830,77,616,13347,160160,80
1831,46,368,7973,95680,80
1832,72,576,12480,149760,80
1833,52,416,9013,108160,80
1834,55,440,9533,114400,80
1835,70,560,12133,145600,80
1836,100,800,17333,208000,80
1837,45,360,7800,93600,80
1838,88,704,15253,183040,80
1839,44,352,7627,91520,80
1840,45,360,7800,93600,80
1841,58,464,10053,120640,80
1842,49,392,8493,101920,80
1843,79,632,13693,164320,80
1844,82,656,14213,170560,80
1845,72,576,12480,149760,80
1846,92,736,15947,191360,80
1847,44,352,7627,91520,80
1848,97,776,16813,201760,80
1849,47,376,8147,97760,80
1850,85,680,14733,176800,80
1851,76,608,13173,158080,80
1852,92,736,15947,191360,80
1853,54,432,9360,112320,80
1854,54,432,9360,112320,80
1855,83,664,14387,172640,80
1856,56,448,9707,116480,80
1857,87,696,15080,180960,80
1858,96,768,16640,199680,80
1859,50,400,8667,104000,80
1860,69,552,11960,143520,80
1861,48,384,8320,99840,80
1862,69,552,11960,143520,80
1863,74,592,12827,153920,80
1864,99,792,17160,205920,80
1865,95,760,16467,197600,80
1866,61,488,10573,126880,80
1867,62,496,10747,128960,80
1868,30,240,5200,62400,80
1869,78,624,13520,162240,80
1870,52,416,9013,108160,80
1871,94,752,16293,195520,80
1872,97,776,16813,201760,80
1873,82,656,14213,170560,80
1874,60,480,10400,124800,80
1875,49,392,8493,101920,80
1876,32,256,5547,66560,80
1877,43,344,7453,89440,80
1878,60,480,10400,124800,80
1879,79,632,13693,164320,80
1880,52,416,9013,108160,80
1881,77,616,13347,160160,80
1882,38,304,6587,79040,80
1883,77,616,13347,160160,80
1884,60,480,10400,124800,80
1885,84,672,14560,174720,80
1886,57,456,9880,118560,80
1887,63,504,10920,131040,80
1888,60,480,10400,124800,80
1889,78,624,13520,162240,80
1890,42,336,7280,87360,80
1891,53,424,9187,110240,80
1892,72,576,12480,149760,80
1893,96,768,16640,199680,80
1894,97,776,16813,201760,80
1895,85,680,14733,176800,80
1896,80,640,13867,166400,80
1897,96,768,16640,199680,80
1898,48,384,8320,99840,80
1899,96,768,16640,199680,80
1900,85,680,14733,176800,80
1901,46,368,7973,95680,80
1902,76,608,13173,158080,80
1903,76,608,13173,158080,80
1904,82,656,14213,170560,80
1905,76,608,13173,158080,80
1906,87,696,15080,180960,80
1907,89,712,15427,185120,80
1908,88,704,15253,183040,80
1909,82,656,14213,170560,80
1910,57,456,9880,118560,80
1911,47,376,8147,97760,80
1912,73,584,12653,151840,80
1913,53,424,9187,110240,80
1914,94,752,16293,195520,80
1915,37,296,6413,76960,80
1916,45,360,7800,93600,80
1917,33,264,5720,68640,80
1918,86,688,14907,178880,80
1919,83,664,14387,172640,80
1920,67,536,11613,139360,80
1921,46,368,7973,95680,80
1922,44,352,7627,91520,80
1923,92,736,15947,191360,80
1924,56,448,9707,116480,80
1925,66,528,11440,137280,80
1926,78,624,13520,162240,80
1927,56,448,9707,116480,80
1928,53,424,9187,110240,80
1929,73,584,12653,151840,80
1930,52,416,9013,108160,80
1931,40,320,6933,83200,80
1932,72,576,12480,149760,80
1933,39,312,6760,81120,80
1934,84,672,14560,174720,80
1935,40,320,6933,83200,80
1936,56,448,9707,116480,80
1937,83,664,14387,172640,80
1938,94,752,16293,195520,80
1939,88,704,15253,183040,80
1940,79,632,13693,164320,80
1941,93,744,16120,193440,80
1942,48,384,8320,99840,80
1943,63,504,10920,131040,80
1944,44,352,7627,91520,80
1945,55,440,9533,114400,80
1946,43,344,7453,89440,80
1947,57,456,9880,118560,80
1948,64,512,11093,133120,80
1949,95,760,16467,197600,80
1950,32,256,5547,66560,80
1951,57,456,9880,118560,80
1952,40,320,6933,83200,80
1953,54,432,9360,112320,80
1954,89,712,15427,185120,80
1955,37,296,6413,76960,80
1956,58,464,10053,120640,80
1957,99,792,17160,205920,80
1958,74,592,12827,153920,80
1959,86,688,14907,178880,80
1960,98,784,16987,203840,80
1961,66,528,11440,137280,80
1962,87,696,15080,180960,80
1963,84,672,14560,174720,80
1964,31,248,5373,64480,80
1965,66,528,11440,137280,80
1966,67,536,11613,139360,80
1967,53,424,9187,110240,80
1968,88,704,15253,183040,80
1969,83,664,14387,172640,80
1970,54,432,9360,112320,80
1971,98,784,16987,203840,80
1972,82,656,14213,170560,80
1973,97,776,16813,201760,80
1974,60,480,10400,124800,80
1975,43,344,7453,89440,80
1976,85,680,14733,176800,80
1977,68,544,11787,141440,80
1978,92,736,15947,191360,80
1979,89,712,15427,185120,80
1980,86,688,14907,178880,80
1981,90,720,15600,187200,80
1982,67,536,11613,139360,80
1983,57,456,9880,118560,80
1984,98,784,16987,203840,80
1985,48,384,8320,99840,80
1986,98,784,16987,203840,80
1987,44,352,7627,91520,80
1988,52,416,9013,108160,80
1989,75,600,13000,156000,80
1990,54,432,9360,112320,80
1991,61,488,10573,126880,80
1992,36,288,6240,74880,80
1993,71,568,12307,147680,80
1994,93,744,16120,193440,80
1995,59,472,10227,122720,80
1996,73,584,12653,151840,80
1997,98,784,16987,203840,80
1998,51,408,8840,106080,80
1999,36,288,6240,74880,80
2000,31,248,5373,64480,80
2001,54,432,9360,112320,80
2002,94,752,16293,195520,80
2003,60,480,10400,124800,80
2004,81,648,14040,168480,80
2005,100,800,17333,208000,80
2006,51,408,8840,106080,80
2007,97,776,16813,201760,80
2008,84,672,14560,174720,80
2009,54,432,9360,112320,80
2010,76,608,13173,158080,80
2011,81,648,14040,168480,80
2012,99,792,17160,205920,80
2013,50,400,8667,104000,80
2014,73,584,12653,151840,80
2015,93,744,16120,193440,80
2016,91,728,15773,189280,80
2017,34,272,5893,70720,80
2018,91,728,15773,189280,80
2019,37,296,6413,76960,80
2020,98,784,16987,203840,80
2021,74,592,12827,153920,80
2022,68,544,11787,141440,80
2023,84,672,14560,174720,80
2024,90,720,15600,187200,80
2025,82,656,14213,170560,80
2026,42,336,7280,87360,80
2027,97,776,16813,201760,80
2028,86,688,14907,178880,80
2029,90,720,15600,187200,80
2030,81,648,14040,168480,80
2031,31,248,5373,64480,80
2032,52,416,9013,108160,80
2033,54,432,9360,112320,80
2034,100,800,17333,208000,80
2035,95,760,16467,197600,80
2036,96,768,16640,199680,80
2037,94,752,16293,195520,80
2038,55,440,9533,114400,80
2039,96,768,16640,199680,80
2040,52,416,9013,108160,80
2041,55,440,9533,114400,80
2042,84,672,14560,174720,80
2043,90,720,15600,187200,80
2044,39,312,6760,81120,80
2045,96,768,16640,199680,80
2046,68,544,11787,141440,80
2047,49,392,8493,101920,80
2048,54,432,9360,112320,80
2049,81,648,14040,168480,80
2050,96,768,16640,199680,80
2051,74,592,12827,153920,80
2052,79,632,13693,164320,80
2053,64,512,11093,133120,80
2054,93,744,16120,193440,80
2055,35,280,6067,72800,80
2056,71,568,12307,147680,80
2057,92,736,15947,191360,80
2058,51,408,8840,106080,80
2059,40,320,6933,83200,80
2060,76,608,13173,158080,80
2061,89,712,15427,185120,80
2062,78,624,13520,162240,80
2063,86,688,14907,178880,80
2064,77,616,13347,160160,80
2065,46,368,7973,95680,80
2066,30,240,5200,62400,80
2067,82,656,14213,170560,80
2068,78,624,13520,162240,80
2069,38,304,6587,79040,80
2070,72,576,12480,149760,80
2071,55,440,9533,114400,80
2072,43,344,7453,89440,80
2073,97,776,16813,201760,80
2074,96,768,16640,199680,80
2075,69,552,11960,143520,80
2076,64,512,11093,133120,80
2077,87,696,15080,180960,80
2078,100,800,17333,208000,80
2079,32,256,5547,66560,80
2080,32,256,5547,66560,80
2081,51,408,8840,106080,80
2082,91,728,15773,189280,80
2083,97,776,16813,201760,80
2084,86,688,14907,178880,80
2085,64,512,11093,133120,80
2086,33,264,5720,68640,80
2087,88,704,15253,183040,80
2088,55,440,9533,114400,80
2089,68,544,11787,141440,80
2090,47,376,8147,97760,80
2091,39,312,6760,81120,80
2092,44,352,7627,91520,80
2093,97,776,16813,201760,80
2094,40,320,6933,83200,80
2095,47,376,8147,97760,80
2096,79,632,13693,164320,80
2097,38,304,6587,79040,80
2098,57,456,9880,118560,80
2099,72,576,12480,149760,80
2100,66,528,11440,137280,80
2101,98,784,16987,203840,80
2102,67,536,11613,139360,80
2103,70,560,12133,145600,80
2104,96,768,16640,199680,80
2105,91,728,15773,189280,80
2106,46,368,7973,95680,80
2107,64,512,11093,133120,80
2108,71,568,12307,147680,80
2109,68,544,11787,141440,80
2110,33,264,5720,68640,80
2111,69,552,11960,143520,80
2112,78,624,13520,162240,80
2113,81,648,14040,168480,80
2114,62,496,10747,128960,80
2115,65,520,11267,135200,80
2116,35,280,6067,72800,80
2117,60,480,10400,124800,80
2118,45,360,7800,93600,80
2119,89,712,15427,185120,80
2120,80,640,13867,166400,80
2121,90,720,15600,187200,80
2122,73,584,12653,151840,80
2123,87,696,15080,180960,80
2124,51,408,8840,106080,80
2125,38,304,6587,79040,80
2126,87,696,15080,180960,80
2127,59,472,10227,122720,80
2128,45,360,7800,93600,80
2129,80,640,13867,166400,80
2130,93,744,16120,193440,80
2131,46,368,7973,95680,80
2132,92,736,15947,191360,80
2133,84,672,14560,174720,80
2134,87,696,15080,180960,80
2135,63,504,10920,131040,80
2136,56,448,9707,116480,80
2137,51,408,8840,106080,80
2138,85,680,14733,176800,80
2139,41,328,7107,85280,80
2140,35,280,6067,72800,80
2141,31,248,5373,64480,80
2142,48,384,8320,99840,80
2143,50,400,8667,104000,80
2144,52,416,9013,108160,80
2145,54,432,9360,112320,80
2146,76,608,13173,158080,80
2147,42,336,7280,87360,80
2148,84,672,14560,174720,80
2149,76,608,13173,158080,80
2150,67,536,11613,139360,80
2151,48,384,8320,99840,80
2152,39,312,6760,81120,80
2153,97,776,16813,201760,80
2154,70,560,12133,145600,80
2155,98,784,16987,203840,80
2156,76,608,13173,158080,80
2157,80,640,13867,166400,80
2158,52,416,9013,108160,80
2159,85,680,14733,176800,80
2160,81,648,14040,168480,80
2161,59,472,10227,122720,80
2162,54,432,9360,112320,80
2163,55,440,9533,114400,80
2164,71,568,12307,147680,80
2165,84,672,14560,174720,80
2166,37,296,6413,76960,80
2167,89,712,15427,185120,80
2168,59,472,10227,122720,80
2169,32,256,5547,66560,80
2170,86,688,14907,178880,80
2171,87,696,15080,180960,80
2172,73,584,12653,151840,80
2173,42,336,7280,87360,80
2174,42,336,7280,87360,80
2175,77,616,13347,160160,80
2176,66,528,11440,137280,80
2177,72,576,12480,149760,80
2178,50,400,8667,104000,80
2179,31,248,5373,64480,80
2180,66,528,11440,137280,80
2181,77,616,13347,160160,80
2182,41,328,7107,85280,80
2183,33,264,5720,68640,80
2184,79,632,13693,164320,80
2185,91,728,15773,189280,80
2186,65,520,11267,135200,80
2187,36,288,6240,74880,80
2188,90,720,15600,187200,80
2189,43,344,7453,89440,80
2190,93,744,16120,193440,80
2191,45,360,7800,93600,80
2192,67,536,11613,139360,80
2193,74,592,12827,153920,80
2194,42,336,7280,87360,80
2195,47,376,8147,97760,80
2196,36,288,6240,74880,80
2197,80,640,13867,166400,80
2198,54,432,9360,112320,80
2199,36,288,6240,74880,80
2200,80,640,13867,166400,80
2201,44,352,7627,91520,80
2202,93,744,16120,193440,80
2203,87,696,15080,180960,80
2204,48,384,8320,99840,80
2205,95,760,16467,197600,80
2206,95,760,16467,197600,80
2207,76,608,13173,158080,80
2208,94,752,16293,195520,80
2209,57,456,9880,118560,80
2210,92,736,15947,191360,80
2211,79,632,13693,164320,80
2212,31,248,5373,64480,80
2213,35,280,6067,72800,80
2214,99,792,17160,205920,80
2215,96,768,16640,199680,80
2216,79,632,13693,164320,80
2217,73,584,12653,151840,80
2218,62,496,10747,128960,80
2219,35,280,6067,72800,80
2220,43,344,7453,89440,80
2221,51,408,8840,106080,80
2222,74,592,12827,153920,80
2223,58,464,10053,120640,80
2224,82,656,14213,170560,80
2225,62,496,10747,128960,80
2226,48,384,8320,99840,80
2227,56,448,9707,116480,80
2228,69,552,11960,143520,80
2229,60,480,10400,124800,80
2230,92,736,15947,191360,80
2231,91,728,15773,189280,80
2232,34,272,5893,70720,80
2233,49,392,8493,101920,80
2234,33,264,5720,68640,80
2235,87,696,15080,180960,80
2236,74,592,12827,153920,80
2237,96,768,16640,199680,80
2238,34,272,5893,70720,80
2239,51,408,8840,106080,80
2240,30,240,5200,62400,80
2241,77,616,13347,160160,80
2242,80,640,13867,166400,80
2243,88,704,15253,183040,80
2244,56,448,9707,116480,80
2245,78,624,13520,162240,80
2246,59,472,10227,122720,80
2247,66,528,11440,137280,80
2248,51,408,8840,106080,80
2249,67,536,11613,139360,80
2250,52,416,9013,108160,80
2251,70,560,12133,145600,80
2252,94,752,16293,195520,80
2253,97,776,16813,201760,80
2254,62,496,10747,128960,80
2255,80,640,13867,166400,80
2256,74,592,12827,153920,80
2257,75,600,13000,156000,80
2258,70,560,12133,145600,80
2259,91,728,15773,189280,80
2260,58,464,10053,120640,80
2261,65,520,11267,135200,80
2262,60,480,10400,124800,80
2263,38,304,6587,79040,80
2264,57,456,9880,118560,80
2265,60,480,10400,124800,80
2266,90,720,15600,187200,80
2267,94,752,16293,195520,80
2268,87,696,15080,180960,80
2269,60,480,10400,124800,80
2270,97,776,16813,201760,80
2271,32,256,5547,66560,80
2272,31,248,5373,64480,80
2273,40,320,6933,83200,80
2274,79,632,13693,164320,80
2275,91,728,15773,189280,80
2276,53,424,9187,110240,80
2277,46,368,7973,95680,80
2278,46,368,7973,95680,80
2279,90,720,15600,187200,80
2280,99,792,17160,205920,80
2281,89,712,15427,185120,80
2282,84,672,14560,174720,80
2283,90,720,15600,187200,80
2284,82,656,14213,170560,80
2285,65,520,11267,135200,80
2286,98,784,16987,203840,80
2287,99,792,17160,205920,80
2288,95,760,16467,197600,80
2289,90,720,15600,187200,80
2290,100,800,17333,208000,80
2291,93,744,16120,193440,80
2292,58,464,10053,120640,80
2293,83,664,14387,172640,80
2294,52,416,9013,108160,80
2295,85,680,14733,176800,80
2296,81,648,14040,168480,80
2297,64,512,11093,133120,80
2298,69,552,11960,143520,80
2299,66,528,11440,137280,80
2300,52,416,9013,108160,80
2301,92,736,15947,191360,80
2302,52,416,9013,108160,80
2303,91,728,15773,189280,80
2304,92,736,15947,191360,80
2305,47,376,8147,97760,80
2306,68,544,11787,141440,80
2307,68,544,11787,141440,80
2308,67,536,11613,139360,80
2309,77,616,13347,160160,80
2310,46,368,7973,95680,80
2311,87,696,15080,180960,80
2312,33,264,5720,68640,80
2313,89,712,15427,185120,80
2314,56,448,9707,116480,80
2315,67,536,11613,139360,80
2316,73,584,12653,151840,80
2317,92,736,15947,191360,80
2318,53,424,9187,110240,80
2319,40,320,6933,83200,80
2320,79,632,13693,164320,80
2321,38,304,6587,79040,80
2322,64,512,11093,133120,80
2323,82,656,14213,170560,80
2324,43,344,7453,89440,80
2325,93,744,16120,193440,80
2326,81,648,14040,168480,80
2327,82,656,14213,170560,80
2328,45,360,7800,93600,80
2329,36,288,6240,74880,80
2330,87,696,15080,180960,80
2331,81,648,14040,168480,80
2332,91,728,15773,189280,80
2333,73,584,12653,151840,80
2334,64,512,11093,133120,80
2335,77,616,13347,160160,80
2336,41,328,7107,85280,80
2337,98,784,16987,203840,80
2338,78,624,13520,162240,80
2339,89,712,15427,185120,80
2340,75,600,13000,156000,80
2341,63,504,10920,131040,80
2342,89,712,15427,185120,80
2343,64,512,11093,133120,80
2344,59,472,10227,122720,80
2345,78,624,13520,162240,80
2346,44,352,7627,91520,80
2347,93,744,16120,193440,80
2348,94,752,16293,195520,80
2349,98,784,16987,203840,80
2350,90,720,15600,187200,80
2351,89,712,15427,185120,80
2352,58,464,10053,120640,80
2353,78,624,13520,162240,80
2354,85,680,14733,176800,80
2355,97,776,16813,201760,80
2356,33,264,5720,68640,80
2357,54,432,9360,112320,80
2358,83,664,14387,172640,80
2359,86,688,14907,178880,80
2360,75,600,13000,156000,80
2361,62,496,10747,128960,80
2362,61,488,10573,126880,80
2363,44,352,7627,91520,80
2364,43,344,7453,89440,80
2365,42,336,7280,87360,80
2366,45,360,7800,93600,80
2367,32,256,5547,66560,80
2368,41,328,7107,85280,80
2369,86,688,14907,178880,80
2370,84,672,14560,174720,80
2371,64,512,11093,133120,80
2372,89,712,15427,185120,80
2373,87,696,15080,180960,80
2374,58,464,10053,120640,80
2375,72,576,12480,149760,80
2376,47,376,8147,97760,80
2377,71,568,12307,147680,80
2378,42,336,7280,87360,80
2379,77,616,13347,160160,80
2380,58,464,10053,120640,80
2381,71,568,12307,147680,80
2382,49,392,8493,101920,80
2383,48,384,8320,99840,80
2384,66,528,11440,137280,80
2385,32,256,5547,66560,80
2386,39,312,6760,81120,80
2387,95,760,16467,197600,80
2388,89,712,15427,185120,80
2389,34,272,5893,70720,80
2390,48,384,8320,99840,80
2391,32,256,5547,66560,80
2392,59,472,10227,122720,80
2393,55,440,9533,114400,80
2394,44,352,7627,91520,80
2395,56,448,9707,116480,80
2396,63,504,10920,131040,80
2397,66,528,11440,137280,80
2398,67,536,11613,139360,80
2399,36,288,6240,74880,80
2400,30,240,5200,62400,80
2401,88,704,15253,183040,80
2402,71,568,12307,147680,80
2403,59,472,10227,122720,80
2404,77,616,13347,160160,80
2405,37,296,6413,76960,80
2406,40,320,6933,83200,80
2407,77,616,13347,160160,80
2408,45,360,7800,93600,80
2409,78,624,13520,162240,80
2410,73,584,12653,151840,80
2411,92,736,15947,191360,80
2412,82,656,14213,170560,80
2413,76,608,13173,158080,80
2414,57,456,9880,118560,80
2415,84,672,14560,174720,80
2416,59,472,10227,122720,80
2417,86,688,14907,178880,80
2418,54,432,9360,112320,80
2419,72,576,12480,149760,80
2420,35,280,6067,72800,80
2421,76,608,13173,158080,80
2422,98,784,16987,203840,80
2423,43,344,7453,89440,80
2424,63,504,10920,131040,80
2425,48,384,8320,99840,80
2426,95,760,16467,197600,80
2427,49,392,8493,101920,80
2428,83,664,14387,172640,80
2429,68,544,11787,141440,80
2430,52,416,9013,108160,80
2431,99,792,17160,205920,80
2432,48,384,8320,99840,80
2433,42,336,7280,87360,80
2434,85,680,14733,176800,80
2435,40,320,6933,83200,80
2436,42,336,7280,87360,80
2437,58,464,10053,120640,80
2438,87,696,15080,180960,80
2439,33,264,5720,68640,80
2440,94,752,16293,195520,80
2441,97,776,16813,201760,80
2442,57,456,9880,118560,80
2443,36,288,6240,74880,80
2444,56,448,9707,116480,80
2445,72,576,12480,149760,80
2446,60,480,10400,124800,80
2447,95,760,16467,197600,80
2448,88,704,15253,183040,80
2449,57,456,9880,118560,80
2450,78,624,13520,162240,80
2451,31,248,5373,64480,80
2452,100,800,17333,208000,80
2453,94,752,16293,195520,80
2454,100,800,17333,208000,80
2455,50,400,8667,104000,80
2456,52,416,9013,108160,80
2457,80,640,13867,166400,80
2458,98,784,16987,203840,80
2459,62,496,10747,128960,80
2460,46,368,7973,95680,80
2461,73,584,12653,151840,80
2462,39,312,6760,81120,80
2463,60,480,10400,124800,80
2464,74,592,12827,153920,80
2465,30,240,5200,62400,80
2466,41,328,7107,85280,80
2467,42,336,7280,87360,80
2468,87,696,15080,180960,80
2469,63,504,10920,131040,80
2470,82,656,14213,170560,80