employee_id,total_working_years,years_at_company,years_in_current_role,years_since_last_promotion,years_under_current_manager
1001,8,6,4,0,5
1002,10,10,7,1,7
1003,7,0,0,0,0
1004,8,8,7,3,0
1005,6,2,2,2,2
1006,8,7,7,3,6
1007,12,1,0,0,0
1008,1,1,0,0,0
1009,10,9,7,1,8
1010,17,7,7,7,7
1011,6,5,4,0,3
1012,10,9,5,0,8
1013,5,5,2,4,3
1014,3,2,2,1,2
1015,6,4,2,0,3
1016,10,10,9,8,8
1017,7,6,2,0,5
1018,1,1,0,0,0
1019,31,25,8,3,7
1020,6,3,2,1,2
1021,5,4,2,1,3
1022,10,5,3,0,3
1023,13,12,6,2,11
1024,0,0,0,0,0
1025,8,4,2,1,3
1026,26,14,13,4,8
1027,10,10,2,6,7
1028,10,9,7,4,2
1029,24,22,6,5,17
1030,22,2,2,2,1
1031,7,1,1,0,0
1032,9,4,2,1,3
1033,10,10,0,1,8
1034,19,1,0,0,0
1035,6,2,0,2,0
1036,6,5,3,1,4
1037,3,3,2,0,2
1038,2,2,2,2,2
1039,6,1,1,0,0
1040,10,5,3,1,3
1041,1,1,0,0,0
1042,1,1,0,0,0
1043,1,1,0,0,1
1044,9,9,8,1,7
1045,12,12,8,3,7
1046,23,22,15,15,8
1047,10,9,5,8,7
1048,8,1,0,0,0
1049,14,9,6,0,8
1050,1,1,0,0,1
1051,23,1,0,0,0
1052,2,2,2,2,2
1053,9,4,3,1,3
1054,10,4,0,2,3
1055,5,2,2,0,0
1056,15,15,14,8,12
1057,9,9,8,1,8
1058,4,2,2,2,2
1059,10,7,7,1,7
1060,7,7,5,0,7
1061,9,9,8,7,8
1062,10,10,3,9,9
1063,29,27,3,13,8
1064,28,21,16,7,9
1065,17,17,14,12,8
1066,21,5,0,0,2
1067,6,6,5,0,3
1068,25,1,0,0,0
1069,5,3,2,1,2
1070,2,1,0,0,0
1071,20,4,3,1,3
1072,6,5,4,0,4
1073,1,1,1,1,0
1074,10,10,4,0,9
1075,5,1,0,0,0
1076,11,11,7,1,8
1077,16,15,13,2,8
1078,17,0,0,0,0
1079,16,5,2,0,2
1080,16,4,2,0,2
1081,10,10,8,3,0
1082,6,6,4,0,4
1083,24,1,0,1,0
1084,17,13,11,1,9
1085,5,5,2,1,3
1086,37,6,4,0,2
1087,3,0,0,0,0
1088,10,4,2,0,3
1089,11,11,10,10,8
1090,9,9,8,4,7
1091,22,22,3,11,11
1092,11,10,7,1,0
1093,11,11,8,2,7
1094,21,10,9,9,5
1095,12,11,8,5,7
1096,16,4,3,0,3
1097,4,3,2,0,2
1098,5,5,4,0,4
1099,38,40,10,1,8
1100,17,3,2,1,2
1101,7,3,2,0,2
1102,1,1,0,0,0
1103,1,1,0,1,0
1104,16,16,13,2,10
1105,17,1,0,0,0
1106,30,3,2,2,2
1107,28,8,3,0,7
1108,6,6,4,0,3
1109,2,2,2,2,1
1110,1,0,0,0,0
1111,23,13,12,12,8
1112,9,9,7,0,6
1113,23,5,3,4,4
1114,6,5,3,1,2
1115,12,1,0,0,0
1116,12,5,3,1,3
1117,14,11,10,5,8
1118,10,9,7,2,8
1119,7,1,0,0,0
1120,25,25,12,4,12
1121,10,10,7,0,9
1122,8,7,7,0,7
1123,7,5,4,4,3
1124,23,20,18,15,15
1125,12,7,7,7,7
1126,5,5,4,4,3
1127,40,72,10,15,6
1128,0,0,0,0,0
1129,3,2,1,2,1
1130,16,15,11,5,11
1131,18,3,2,1,2
1132,16,2,2,2,1
1133,4,2,2,2,2
1134,12,9,7,0,7
1135,8,8,7,5,7
1136,7,3,2,0,1
1137,18,4,2,0,3
1138,17,15,11,5,9
1139,6,2,2,2,2
1140,12,11,9,4,7
1141,10,5,4,0,4
1142,9,6,5,0,3
1143,19,3,2,2,2
1144,5,5,4,0,4
1145,9,8,7,0,7
1146,8,3,2,2,2
1147,6,5,3,1,2
1148,21,7,6,7,7
1149,7,5,0,1,4
1150,1,1,0,0,0
1151,20,20,7,2,13
1152,10,10,8,0,6
1153,13,7,7,4,5
1154,20,17,9,0,15
1155,9,9,8,3,7
1156,10,10,7,0,9
1157,10,1,0,0,0
1158,9,1,0,0,0
1159,15,12,11,2,11
1160,6,4,3,1,2
1161,2,2,2,2,2
1162,6,2,2,2,2
1163,5,5,2,0,2
1164,12,5,3,1,4
1165,1,1,1,0,1
1166,21,5,4,4,4
1167,13,9,8,1,8
1168,12,10,9,7,4
1169,12,8,3,0,7
1170,8,5,4,1,4
1171,6,5,2,1,1
1172,1,0,0,0,0
1173,13,8,7,7,2
1174,12,12,9,6,10
1175,9,5,4,0,3
1176,19,2,2,2,2
1177,4,3,1,0,2
1178,1,1,0,1,0
1179,24,24,13,15,7
1180,2,2,2,2,1
1181,7,4,2,0,2
1182,9,3,2,1,2
1183,4,4,3,0,2
1184,5,3,2,0,2
1185,5,4,2,1,3
1186,8,8,7,1,6
1187,21,20,8,9,9
1188,36,24,15,2,15
1189,10,10,9,1,9
1190,21,7,7,1,0
1191,34,33,18,11,9
1192,7,7,7,0,3
1193,8,1,0,0,1
1194,7,5,4,2,2
1195,22,20,8,11,8
1196,8,8,7,1,7
1197,10,6,2,1,2
1198,11,5,3,0,2
1199,14,1,0,0,0
1200,9,7,7,1,7
1201,6,2,2,2,0
1202,7,7,7,1,7
1203,5,5,3,2,0
1204,15,7,2,3,7
1205,17,1,0,0,0
1206,10,10,4,1,9
1207,4,4,2,2,2
1208,8,8,1,1,7
1209,5,3,2,0,2
1210,17,4,2,0,3
1211,14,14,8,9,8
1212,12,11,8,5,8
1213,7,7,7,0,7
1214,16,10,9,4,7
1215,8,5,2,0,4
1216,16,1,0,0,0
1217,9,6,3,0,1
1218,7,6,2,1,5
1219,23,19,7,12,8
1220,16,6,2,0,5
1221,16,13,11,3,7
1222,7,3,2,1,1
1223,10,10,8,0,7
1224,17,16,10,5,13
1225,6,5,4,1,4
1226,7,1,0,0,0
1227,13,9,8,5,8
1228,11,11,10,4,1
1229,10,10,7,0,8
1230,4,4,3,0,1
1231,6,2,2,2,2
1232,22,22,17,11,15
1233,7,2,2,2,2
1234,32,7,0,0,6
1235,8,5,4,0,4
1236,22,17,13,1,9
1237,13,9,7,1,7
1238,33,33,7,15,12
1239,6,4,3,1,2
1240,4,3,2,1,2
1241,7,3,2,1,2
1242,4,3,2,2,2
1243,17,1,0,0,0
1244,9,9,8,4,7
1245,25,24,0,1,7
1246,9,2,2,2,2
1247,2,2,2,0,2
1248,13,11,9,5,9
1249,17,3,1,0,2
1250,9,3,2,0,2
1251,17,1,0,0,0
1252,20,19,6,11,8
1253,6,6,5,1,5
1254,10,3,2,0,2
1255,10,3,2,0,2
1256,5,4,2,1,2
1257,10,9,6,7,8
1258,22,21,7,3,9
1259,1,1,0,0,0
1260,6,5,4,1,4
1261,5,5,1,0,3
1262,13,8,7,7,5
1263,9,6,2,0,4
1264,28,7,7,7,7
1265,5,0,0,0,0
1266,10,0,0,0,0
1267,10,9,0,7,8
1268,6,6,3,1,5
1269,21,20,7,4,10
1270,16,15,13,10,11
1271,37,36,10,4,13
1272,10,10,7,9,9
1273,5,5,2,0,4
1274,7,5,4,0,1
1275,3,3,2,1,0
1276,15,5,2,0,2
1277,10,7,7,6,2
1278,8,8,0,7,7
1279,6,6,5,1,4
1280,28,10,4,1,6
1281,21,5,3,1,3
1282,20,20,16,11,6
1283,10,10,7,0,9
1284,12,10,7,0,8
1285,5,5,3,3,3
1286,17,17,12,5,7
1287,19,1,0,0,0
1288,10,2,2,1,2
1289,5,3,2,0,2
1290,5,5,3,0,2
1291,22,3,2,1,2
1292,10,8,0,7,7
1293,2,2,2,2,2
1294,8,8,7,7,4
1295,4,4,2,1,2
1296,23,20,4,4,8
1297,0,0,0,0,0
1298,12,11,9,6,9
1299,4,1,0,0,0
1300,13,4,1,1,2
1301,22,22,10,0,4
1302,0,0,0,0,0
1303,9,8,3,0,7
1304,10,8,7,7,7
1305,19,18,10,3,7
1306,11,9,8,0,8
1307,13,13,8,4,8
1308,19,10,8,0,1
1309,12,5,3,1,2
1310,6,5,2,0,3
1311,9,2,2,1,0
1312,24,24,9,9,11
1313,3,2,2,2,2
1314,12,10,6,8,8
1315,21,21,9,11,10
1316,9,8,7,1,7
1317,25,7,1,0,7
1318,11,8,2,7,7
1319,4,4,3,1,2
1320,13,13,12,11,9
1321,5,5,4,0,4
1322,13,7,7,1,7
1323,10,7,7,0,7
1324,5,3,2,2,2
1325,11,10,8,1,9
1326,10,10,9,8,9
1327,21,21,9,13,3
1328,12,1,0,0,0
1329,9,7,7,0,1
1330,21,3,2,1,1
1331,9,9,7,0,0
1332,6,5,4,1,4
1333,20,4,3,0,3
1334,10,1,0,0,0
1335,12,10,9,9,8
1336,6,4,3,0,2
1337,7,7,7,0,7
1338,4,3,2,2,2
1339,10,10,9,1,2
1340,8,8,7,0,7
1341,8,6,2,0,4
1342,12,11,10,2,9
1343,11,11,9,4,10
1344,7,7,7,1,7
1345,17,16,6,0,13
1346,4,4,2,0,2
1347,8,5,4,1,2
1348,5,0,0,0,0
1349,16,1,0,0,0
1350,4,4,3,0,2
1351,4,3,2,1,0
1352,8,8,0,0,7
1353,15,0,0,0,0
1354,13,7,7,6,7
1355,4,2,2,2,2
1356,8,8,7,7,7
1357,14,1,0,0,0
1358,3,3,2,1,2
1359,7,1,0,0,0
1360,16,13,9,1,12
1361,15,3,2,1,2
1362,10,7,7,1,7
1363,3,3,2,2,2
1364,1,1,0,0,0
1365,17,5,4,0,3
1366,7,1,0,0,0
1367,8,8,7,7,7
1368,20,4,3,1,3
1369,8,6,4,1,0
1370,3,2,2,2,2
1371,1,1,0,0,0
1372,6,3,2,1,2
1373,10,1,1,0,0
1374,5,5,2,0,4
1375,7,7,5,0,7
1376,26,5,2,0,0
1377,18,7,7,0,7
1378,6,2,2,2,2
1379,9,5,2,0,4
1380,30,5,4,1,2
1381,5,5,2,0,3
1382,1,1,0,0,0
1383,7,6,4,0,4
1384,2,2,1,1,2
1385,10,10,9,9,0
1386,3,1,0,0,0
1387,18,18,7,12,17
1388,8,5,4,1,3
1389,8,5,2,1,2
1390,18,1,0,0,1
1391,25,25,10,3,9
1392,20,1,0,0,0
1393,24,4,2,1,2
1394,6,3,2,1,2
1395,13,13,10,3,12
1396,8,3,2,1,2
1397,8,5,2,0,2
1398,5,5,4,1,3
1399,15,13,11,10,7
1400,4,4,2,3,2
1401,21,21,8,1,6
1402,36,7,7,7,7
1403,6,5,4,4,4
1404,10,10,7,0,7
1405,10,10,0,1,8
1406,6,2,2,0,2
1407,28,5,4,0,4
1408,8,2,2,0,2
1409,31,5,2,1,4
1410,19,5,4,0,2
1411,11,5,4,0,2
1412,33,29,8,11,10
1413,19,10,7,0,8
1414,7,6,5,0,4
1415,6,5,3,1,4
1416,3,2,2,1,0
1417,1,1,0,0,0
1418,21,20,15,1,12
1419,3,3,2,0,2
1420,9,5,3,1,4
1421,10,10,2,0,7
1422,6,2,2,1,1
1423,1,1,0,0,0
1424,10,9,8,7,8
1425,32,1,0,0,0
1426,28,27,10,15,7
1427,12,11,7,6,7
1428,22,18,13,13,11
1429,20,5,0,0,4
1430,26,3,2,0,1
1431,6,5,4,4,3
1432,19,1,0,0,0
1433,14,7,3,5,7
1434,15,3,2,1,2
1435,13,13,8,0,8
1436,15,7,6,7,7
1437,8,4,3,1,3
1438,4,3,2,1,2
1439,10,8,7,0,0
1440,12,1,0,0,0
1441,11,3,2,0,2
1442,8,2,2,2,0
1443,10,10,3,9,7
1444,4,2,2,1,2
1445,14,9,7,6,7
1446,37,10,9,7,7
1447,16,14,3,1,10
1448,15,11,9,6,9
1449,22,20,6,5,13
1450,8,8,3,0,7
1451,10,6,5,0,5
1452,10,10,9,5,8
1453,9,8,7,3,7
1454,8,7,7,1,0
1455,8,3,2,1,2
1456,10,6,1,0,5
1457,10,5,4,0,1
1458,0,0,0,0,0
1459,20,1,0,0,1
1460,10,8,7,0,7
1461,8,0,0,0,0
1462,5,5,4,0,3
1463,10,10,7,5,7
1464,1,1,0,0,0
1465,12,6,5,1,2
1466,28,2,2,1,2
1467,22,18,16,11,8
1468,9,9,5,7,7
1469,18,10,9,6,9
1470,6,4,2,1,2
1471,3,2,2,2,1
1472,18,1,0,0,0
1473,8,6,5,4,3
1474,31,31,9,0,9
1475,6,6,5,1,4
1476,6,5,3,1,4
1477,1,1,0,0,0
1478,32,32,5,10,7
1479,7,7,4,0,6
1480,6,6,3,1,2
1481,1,1,0,0,0
1482,6,6,5,1,3
1483,9,3,1,1,2
1484,9,3,2,0,2
1485,13,7,7,5,7
1486,6,5,3,0,3
1487,17,3,0,1,0
1488,1,1,0,0,0
1489,10,10,2,2,2
1490,21,1,0,0,0
1491,8,0,0,0,0
1492,10,8,7,4,7
1493,21,3,2,0,2
1494,10,2,2,0,2
1495,8,8,2,0,6
1496,5,4,3,0,2
1497,3,3,2,1,2
1498,26,2,2,0,1
1499,3,2,2,2,2
1500,6,5,0,1,2
1501,6,6,4,0,5
1502,1,1,0,0,0
1503,18,14,7,8,10
1504,10,10,9,8,8
1505,5,1,1,0,0
1506,3,3,2,0,2
1507,10,10,7,7,8
1508,6,6,0,1,2
1509,17,17,11,11,8
1510,15,13,11,4,7
1511,16,9,7,7,1
1512,13,3,2,0,2
1513,5,4,2,1,1
1514,1,1,0,1,1
1515,10,10,8,9,7
1516,1,1,0,0,0
1517,5,3,2,0,2
1518,4,3,2,1,2
1519,8,7,7,0,5
1520,10,10,7,2,8
1521,12,2,2,2,2
1522,6,6,5,0,4
1523,4,1,0,0,0
1524,20,20,8,3,8
1525,9,8,7,7,7
1526,4,2,2,2,0
1527,20,20,7,11,10
1528,10,10,7,0,8
1529,18,4,3,1,3
1530,10,9,7,1,8
1531,9,9,7,0,7
1532,10,7,7,7,7
1533,20,7,7,1,7
1534,20,18,13,1,12
1535,32,5,1,1,3
1536,23,21,6,12,6
1537,10,2,2,2,2
1538,9,9,7,1,7
1539,22,22,7,2,10
1540,4,2,2,2,2
1541,10,7,7,3,7
1542,10,8,7,0,5
1543,10,1,0,0,0
1544,9,5,2,1,4
1545,28,22,2,11,13
1546,10,8,7,7,7
1547,1,1,0,0,0
1548,7,2,2,2,2
1549,7,2,2,2,2
1550,10,5,1,4,3
1551,5,4,3,0,2
1552,12,8,3,3,6
1553,30,10,7,1,1
1554,5,4,2,2,3
1555,9,7,6,0,7
1556,2,2,2,2,2
1557,19,2,2,2,2
1558,16,1,0,0,0
1559,10,10,8,4,7
1560,6,1,0,0,1
1561,7,0,0,0,0
1562,34,34,6,1,16
1563,10,10,9,7,8
1564,6,6,5,1,4
1565,9,8,7,3,1
1566,2,2,2,0,2
1567,8,5,4,1,3
1568,6,6,5,1,4
1569,24,5,2,1,4
1570,10,10,7,0,9
1571,5,4,3,1,2
1572,5,2,2,2,0
1573,11,8,7,1,1
1574,6,4,3,1,2
1575,10,4,2,1,3
1576,9,5,3,1,4
1577,5,4,2,1,1
1578,6,5,3,4,3
1579,17,15,7,4,12
1580,6,6,5,1,3
1581,3,3,2,0,2
1582,7,2,2,0,2
1583,8,8,7,3,7
1584,6,3,2,1,2
1585,24,24,7,14,9
1586,1,0,0,0,0
1587,1,1,0,0,0
1588,9,5,2,1,4
1589,30,4,3,0,3
1590,1,1,0,0,0
1591,14,13,9,3,7
1592,6,3,2,0,2
1593,26,26,14,3,0
1594,10,9,7,0,5
1595,10,10,7,0,7
1596,40,31,15,13,8
1597,7,2,2,2,2
1598,8,4,3,0,2
1599,5,2,2,2,1
1600,8,5,2,0,4
1601,14,14,13,6,8
1602,10,1,0,0,0
1603,12,0,0,0,0
1604,1,1,0,0,0
1605,10,9,8,7,8
1606,13,4,3,1,2
1607,6,5,2,1,3
1608,9,9,8,7,7
1609,12,9,7,7,3
1610,22,4,1,1,0
1611,9,9,8,0,8
1612,17,8,5,1,6
1613,8,8,7,7,5
1614,4,3,2,0,2
1615,8,8,7,1,7
1616,0,0,0,0,0
1617,29,20,6,4,17
1618,10,5,2,2,3
1619,6,4,3,0,1
1620,9,9,8,0,8
1621,6,6,5,1,1
1622,18,18,14,4,11
1623,8,5,2,0,3
1624,10,5,4,0,3
1625,35,5,2,0,4
1626,18,5,4,0,2
1627,9,5,3,1,3
1628,31,9,8,0,0
1629,9,1,0,0,0
1630,6,5,1,0,4
1631,4,2,2,2,2
1632,10,3,2,0,2
1633,8,2,1,2,2
1634,6,5,4,0,3
1635,5,5,3,0,3
1636,17,17,14,5,15
1637,10,10,2,7,8
1638,4,3,0,0,2
1639,5,5,2,0,3
1640,7,4,2,0,2
1641,6,5,2,3,4
1642,10,10,8,5,3
1643,3,2,2,1,2
1644,17,5,3,1,3
1645,8,6,4,0,2
1646,5,3,2,0,2
1647,28,2,0,2,2
1648,16,13,10,4,8
1649,10,5,4,0,0
1650,33,12,9,3,8
1651,12,5,2,2,2
1652,8,7,6,7,7
1653,10,10,0,0,9
1654,31,31,6,14,7
1655,13,5,4,0,4
1656,7,4,3,0,3
1657,1,1,0,0,1
1658,8,4,3,0,3
1659,8,8,7,7,1
1660,4,4,2,0,2
1661,3,1,0,0,0
1662,4,1,0,0,0
1663,2,2,2,0,2
1664,1,1,0,0,0
1665,17,16,8,4,11
1666,3,3,2,1,2
1667,4,3,2,0,2
1668,10,7,7,1,0
1669,6,2,2,2,2
1670,8,2,2,2,2
1671,1,1,1,0,0
1672,1,1,0,1,0
1673,10,5,4,0,3
1674,6,3,2,0,2
1675,24,6,0,0,4
1676,13,7,7,5,2
1677,10,10,6,0,7
1678,29,26,9,1,7
1679,13,0,0,0,0
1680,9,9,8,0,0
1681,8,6,2,0,1
1682,15,15,12,5,11
1683,5,3,0,0,2
1684,1,1,0,0,0
1685,11,1,0,0,0
1686,7,7,7,0,7
1687,20,18,13,2,17
1688,16,11,8,3,9
1689,1,1,0,0,0
1690,1,1,0,0,0
1691,10,9,7,8,5
1692,3,1,1,0,0
1693,8,8,7,6,3
1694,16,16,7,3,7
1695,6,5,0,1,4
1696,17,14,1,11,7
1697,9,9,7,0,8
1698,3,3,1,0,2
1699,5,5,2,1,0
1700,26,9,8,7,8
1701,7,1,0,0,0
1702,22,17,13,15,2
1703,10,8,4,7,7
1704,6,5,3,1,3
1705,12,10,9,0,8
1706,9,8,7,0,7
1707,22,1,0,0,0
1708,20,19,10,2,7
1709,12,7,7,0,7
1710,4,3,2,1,2
1711,10,10,8,6,0
1712,3,0,0,0,0
1713,5,3,2,0,2
1714,8,5,3,0,2
1715,32,5,4,1,3
1716,6,6,5,1,2
1717,21,18,16,0,11
1718,4,2,2,2,2
1719,9,9,8,0,8
1720,9,9,0,0,7
1721,7,5,2,0,1
1722,22,12,11,1,5
1723,3,2,1,0,2
1724,13,8,7,0,7
1725,5,4,2,3,2
1726,5,4,2,0,2
1727,4,4,3,0,3
1728,0,0,0,0,0
1729,22,10,7,0,8
1730,16,16,10,10,1
1731,9,8,7,1,7
1732,1,1,0,0,0
1733,4,3,2,1,2
1734,8,8,7,1,3
1735,4,4,3,1,1
1736,19,2,2,2,2
1737,27,15,11,4,8
1738,8,2,2,2,1
1739,21,21,6,11,8
1740,4,3,2,2,2
1741,3,3,2,1,2
1742,21,1,0,0,0
1743,8,1,0,0,0
1744,30,5,3,4,3
1745,15,1,0,0,0
1746,17,8,7,6,7
1747,21,21,16,5,10
1748,19,1,0,0,0
1749,7,2,2,2,2
1750,33,32,14,6,9
1751,23,12,11,11,11
1752,19,18,7,0,13
1753,18,17,13,15,14
1754,21,21,6,2,8
1755,3,2,2,2,2
1756,26,9,3,1,1
1757,10,8,7,7,7
1758,16,15,1,0,9
1759,14,6,4,0,4
1760,6,6,3,0,4
1761,30,15,7,6,12
1762,9,1,0,0,0
1763,6,3,2,1,2
1764,1,1,1,0,0
1765,1,1,0,0,0
1766,8,2,2,2,2
1767,29,8,1,7,7
1768,8,4,3,0,1
1769,8,7,7,7,5
1770,5,5,3,1,3
1771,23,2,2,2,2
1772,13,9,4,7,0
1773,18,5,4,0,3
1774,15,14,8,7,8
1775,31,9,7,6,2
1776,18,1,0,0,0
1777,2,2,2,0,2
1778,1,1,0,1,0
1779,19,16,13,1,7
1780,18,10,0,2,7
1781,10,10,7,1,9
1782,6,5,3,1,3
1783,7,6,2,0,2
1784,10,10,6,0,8
1785,20,19,9,1,9
1786,14,11,10,11,1
1787,3,3,2,1,2
1788,23,3,2,1,2
1789,10,8,7,1,7
1790,24,20,6,3,6
1791,9,3,2,1,2
1792,9,8,7,4,7
1793,14,13,7,3,8
1794,4,4,2,2,2
1795,7,6,2,0,4
1796,8,1,0,0,0
1797,7,7,7,5,6
1798,1,1,1,0,0
1799,5,2,2,2,2
1800,23,22,6,13,7
1801,1,1,0,0,0
1802,5,0,0,0,0
1803,4,3,2,0,2
1804,6,0,0,0,0
1805,27,5,4,2,1
1806,15,15,10,4,12
1807,18,8,6,4,0
1808,9,8,7,2,7
1809,11,7,5,1,7
1810,10,9,7,1,7
1811,23,12,9,4,9
1812,10,1,0,0,0
1813,18,8,7,0,1
1814,21,18,7,11,5
1815,21,20,7,4,9
1816,2,2,2,2,2
1817,9,5,4,0,3
1818,18,11,9,0,9
1819,3,2,2,2,2
1820,6,5,3,0,4
1821,5,5,2,0,2
1822,22,9,8,2,3
1823,5,3,2,0,2
1824,8,7,5,1,1
1825,16,1,0,0,0
1826,10,10,7,1,2
1827,7,7,6,5,0
1828,3,3,1,0,2
1829,0,0,0,0,0
1830,6,5,2,0,3
1831,6,1,0,0,0
1832,2,2,2,2,2
1833,9,6,2,1,3
1834,4,4,2,2,2
1835,6,6,5,1,3
1836,6,5,4,1,4
1837,11,11,8,3,10
1838,20,18,7,2,13
1839,22,21,9,13,14
1840,9,6,4,1,5
1841,10,8,0,1,7
1842,6,4,3,1,2
1843,1,1,1,0,0
1844,8,8,7,0,7
1845,10,10,3,1,4
1846,16,1,1,0,0
1847,15,7,7,6,4
1848,14,13,9,4,9
1849,2,2,2,2,2
1850,7,4,3,1,3
1851,1,1,0,0,0
1852,28,5,2,4,2
1853,10,10,8,0,8
1854,1,1,1,0,0
1855,7,3,2,0,2
1856,14,14,8,3,11
1857,2,2,2,1,2
1858,6,6,4,0,2
1859,26,7,7,4,7
1860,6,5,4,1,3
1861,1,0,0,0,0
1862,28,26,15,15,9
1863,6,0,0,0,0
1864,5,5,4,1,4
1865,5,1,0,0,0
1866,8,4,3,0,3
1867,5,0,0,0,0
1868,32,2,2,2,2
1869,6,6,5,3,3
1870,25,4,2,0,3
1871,15,7,7,1,7
1872,1,1,0,0,0
1873,10,10,7,0,1
1874,7,7,7,1,7
1875,10,10,7,8,9
1876,20,20,11,13,17
1877,2,2,1,2,2
1878,12,6,3,1,4
1879,10,4,3,0,3
1880,12,11,7,1,9
1881,2,2,2,2,2
1882,10,8,7,0,7
1883,17,7,7,7,7
1884,15,14,10,4,10
1885,7,5,1,1,3
1886,5,4,3,1,1
1887,12,11,9,5,7
1888,20,1,0,0,0
1889,16,13,2,4,12
1890,9,9,7,6,8
1891,33,5,4,1,4
1892,10,10,5,7,7
1893,1,1,1,0,0
1894,3,3,2,1,2
1895,36,10,9,0,9
1896,6,6,5,0,1
1897,10,10,9,1,8
1898,13,6,1,0,5
1899,25,8,7,0,7
1900,23,1,0,0,0
1901,12,11,10,0,7
1902,7,1,0,0,0
1903,5,5,3,0,3
1904,6,6,0,1,0
1905,25,1,0,0,0
1906,9,7,7,1,7
1907,2,1,0,0,0
1908,26,22,9,3,10
1909,10,9,8,0,8
1910,1,1,0,0,1
1911,1,1,0,0,1
1912,1,1,0,1,0
1913,8,8,5,2,2
1914,26,24,10,1,11
1915,34,33,9,15,0
1916,2,2,2,2,2
1917,26,11,4,0,8
1918,4,3,2,0,2
1919,31,29,10,11,10
1920,25,9,7,5,4
1921,15,11,8,5,10
1922,5,4,2,0,2
1923,26,25,9,14,13
1924,14,10,9,1,8
1925,4,3,2,2,2
1926,18,1,0,0,0
1927,23,21,7,15,17
1928,18,16,14,5,12
1929,10,10,7,0,5
1930,2,2,2,2,2
1931,8,7,0,7,7
1932,10,8,4,1,7
1933,10,7,7,7,7
1934,5,3,2,1,2
1935,2,2,2,2,1
1936,10,10,7,0,8
1937,22,0,0,0,0
1938,21,19,9,15,2
1939,2,2,2,2,2
1940,10,10,4,1,1
1941,6,5,2,0,3
1942,10,9,2,6,7
1943,10,7,7,1,7
1944,10,7,6,5,7
1945,10,9,8,7,5
1946,25,3,2,1,2
1947,9,5,4,1,0
1948,10,8,7,7,7
1949,9,9,1,0,8
1950,9,8,7,1,7
1951,10,10,8,9,6
1952,19,19,2,11,9
1953,3,3,2,2,2
1954,10,3,2,1,2
1955,21,20,8,2,10
1956,23,19,9,9,11
1957,36,7,3,7,7
1958,6,4,2,0,0
1959,10,9,7,1,6
1960,9,9,8,8,8
1961,10,9,3,1,7
1962,9,9,6,1,1
1963,33,33,9,0,10
1964,11,7,7,1,7
1965,10,10,8,9,6
1966,7,3,2,1,2
1967,31,10,9,5,9
1968,7,4,2,0,3
1969,17,15,7,6,13
1970,11,10,9,0,8
1971,5,1,0,0,0
1972,29,5,2,0,3
1973,0,0,0,0,0
1974,10,9,7,0,0
1975,8,6,2,0,0
1976,24,19,7,3,8
1977,33,19,16,15,9
1978,5,5,4,0,0
1979,15,12,11,11,8
1980,10,8,7,7,7
1981,3,1,0,0,0
1982,5,4,2,3,2
1983,4,4,2,0,3
1984,14,14,11,4,11
1985,5,5,3,0,4
1986,10,10,2,6,7
1987,8,5,4,1,4
1988,14,4,2,3,2
1989,12,6,2,3,3
1990,8,6,4,1,3
1991,8,5,4,1,2
1992,4,3,2,1,2
1993,13,6,4,0,5
1994,6,3,2,1,2
1995,24,5,3,0,2
1996,20,20,7,1,8
1997,6,6,2,4,4
1998,8,8,2,7,7
1999,5,4,3,1,1
2000,21,20,7,0,9
2001,12,5,4,0,4
2002,8,3,2,0,2
2003,10,2,2,2,2
2004,7,3,2,0,2
2005,8,7,7,0,7
2006,10,10,9,0,9
2007,20,4,3,1,3
2008,9,8,7,7,7
2009,29,20,7,12,7
2010,32,9,8,1,5
2011,31,7,7,0,0
2012,15,5,4,0,1
2013,1,1,0,0,0
2014,8,3,2,0,2
2015,9,3,2,1,0
2016,10,4,3,1,3
2017,1,1,0,0,0
2018,6,5,0,1,4
2019,10,10,4,1,8
2020,11,3,2,0,2
2021,17,6,5,1,2
2022,6,3,2,2,2
2023,7,6,5,1,3
2024,5,3,2,1,0
2025,26,20,17,5,6
2026,5,5,4,0,3
2027,7,4,3,0,3
2028,7,5,4,0,2
2029,7,4,2,0,3
2030,11,8,7,0,7
2031,13,13,7,9,9
2032,28,7,7,4,3
2033,11,1,0,0,0
2034,10,10,8,4,7
2035,24,7,7,0,7
2036,8,3,2,0,2
2037,7,2,2,2,2
2038,10,3,1,1,2
2039,15,2,2,2,2
2040,2,2,2,2,2
2041,16,9,8,4,8
2042,6,5,4,1,3
2043,7,5,2,0,3
2044,35,9,8,8,8
2045,20,3,2,1,2
2046,8,3,1,1,2
2047,6,5,2,1,3
2048,5,4,3,0,3
2049,15,13,9,3,12
2050,4,2,1,2,2
2051,12,12,9,5,8
2052,11,1,0,0,0
2053,1,1,0,0,0
2054,13,12,9,2,8
2055,29,8,7,0,7
2056,16,14,8,6,9
2057,5,3,2,1,2
2058,7,5,3,0,0
2059,16,15,9,10,10
2060,1,1,0,0,0
2061,4,0,0,0,0
2062,1,1,0,0,0
2063,16,2,2,2,2
2064,10,10,7,0,4
2065,6,5,3,1,3
2066,4,3,2,1,2
2067,8,5,4,0,2
2068,11,5,4,1,2
2069,8,0,0,0,0
2070,1,1,0,0,0
2071,5,4,2,1,3
2072,10,3,2,1,2
2073,4,3,2,0,2
2074,8,8,6,1,7
2075,14,0,0,0,0
2076,10,5,2,0,0
2077,26,14,9,1,12
2078,11,9,7,0,7
2079,24,20,6,14,17
2080,9,2,0,2,2
2081,23,13,12,5,1
2082,11,11,8,3,3
2083,5,4,3,1,2
2084,15,5,4,1,0
2085,10,10,9,8,6
2086,7,7,2,7,7
2087,32,32,6,13,9
2088,12,11,10,5,7
2089,4,1,0,0,0
2090,10,10,8,3,7
2091,9,7,7,0,7
2092,5,5,3,0,2
2093,8,5,4,0,3
2094,24,20,8,13,9
2095,9,8,4,7,1
2096,15,15,14,5,7
2097,21,21,7,7,7
2098,2,1,1,0,0
2099,8,2,2,2,2
2100,10,10,8,7,7
2101,6,5,3,4,2
2102,12,7,1,2,5
2103,7,3,2,1,2
2104,18,8,7,7,7
2105,5,1,0,0,0
2106,8,2,2,2,2
2107,10,10,8,6,7
2108,10,6,3,1,2
2109,3,3,0,1,2
2110,9,4,2,1,3
2111,1,1,0,0,0
2112,34,33,7,1,9
2113,7,5,2,1,4
2114,9,6,5,1,2
2115,10,8,2,7,6
2116,1,1,0,0,0
2117,36,36,6,2,13
2118,9,2,2,2,1
2119,1,1,0,0,0
2120,10,9,8,7,7
2121,8,3,2,1,2
2122,15,1,0,0,0
2123,10,10,9,1,5
2124,10,5,2,0,4
2125,11,7,6,7,6
2126,6,6,4,1,3
2127,27,1,0,0,0
2128,4,2,2,2,2
2129,9,3,2,0,2
2130,24,1,0,0,1
2131,10,10,9,6,8
2132,8,8,2,7,7
2133,5,5,4,1,2
2134,8,6,4,0,2
2135,1,1,0,0,1
2136,27,26,0,0,12
2137,1,1,1,0,0
2138,4,4,2,1,3
2139,32,30,8,12,13
2140,6,3,2,0,2
2141,23,22,7,1,10
2142,6,6,4,1,1
2143,10,10,7,1,4
2144,10,10,7,4,5
2145,10,5,2,0,3
2146,7,3,2,1,1
2147,9,9,7,7,2
2148,10,9,6,1,4
2149,10,7,7,7,7
2150,7,7,7,0,7
2151,16,16,15,1,10
2152,6,5,3,0,0
2153,3,2,2,2,2
2154,0,0,0,0,0
2155,27,5,2,1,0
2156,11,10,8,0,7
2157,18,18,15,14,12
2158,15,14,11,2,9
2159,9,4,3,0,2
2160,10,9,2,3,8
2161,10,10,7,3,9
2162,10,5,4,0,2
2163,15,13,12,6,0
2164,8,8,4,7,7
2165,18,4,2,3,3
2166,14,10,7,0,2
2167,23,2,2,2,2
2168,7,2,2,2,2
2169,6,6,3,1,3
2170,5,3,2,0,2
2171,6,4,2,1,2
2172,10,4,2,0,3
2173,8,5,2,1,4
2174,9,3,2,0,2
2175,7,7,7,0,7
2176,7,5,4,1,0
2177,27,4,2,1,2
2178,19,14,11,1,11
2179,2,2,2,2,2
2180,11,11,8,7,9
2181,15,4,3,1,3
2182,30,15,11,2,12
2183,4,3,2,1,2
2184,13,5,4,0,4
2185,36,10,8,4,7
2186,14,14,10,6,11
2187,13,11,9,6,7
2188,19,13,11,2,9
2189,10,10,0,0,9
2190,6,6,2,0,4
2191,10,9,5,1,6
2192,10,10,0,0,2
2193,17,2,2,2,2
2194,4,4,3,3,3
2195,29,3,2,1,2
2196,23,8,7,0,0
2197,21,2,0,0,2
2198,2,2,2,0,2
2199,7,6,5,1,2
2200,10,3,2,0,2
2201,8,2,2,2,2
2202,5,5,4,1,2
2203,7,0,0,0,0
2204,11,4,3,1,2
2205,19,9,7,7,7
2206,1,1,0,0,0
2207,7,7,7,5,7
2208,8,4,2,1,2
2209,15,15,10,4,13
2210,19,1,0,0,0
2211,14,14,11,2,13
2212,6,6,3,1,3
2213,10,10,9,8,7
2214,3,3,2,0,2
2215,9,8,7,6,7
2216,6,5,4,1,4
2217,10,10,9,8,8
2218,5,5,3,0,4
2219,10,10,8,8,7
2220,9,5,3,1,2
2221,17,13,7,6,7
2222,25,23,15,14,4
2223,1,1,0,0,0
2224,25,23,5,14,10
2225,3,3,2,0,2
2226,21,21,6,8,6
2227,10,5,2,1,3
2228,6,5,2,0,3
2229,10,3,2,1,2
2230,18,1,0,0,0
2231,6,6,2,1,2
2232,19,10,7,0,9
2233,17,7,7,0,7
2234,10,10,0,0,8
2235,4,1,0,0,0
2236,13,10,6,0,3
2237,16,2,2,2,2
2238,10,0,0,0,0
2239,3,3,2,1,2
2240,9,5,4,1,4
2241,9,9,8,5,8
2242,10,4,3,0,2
2243,21,21,8,12,8
2244,9,5,0,0,3
2245,10,9,7,0,7
2246,3,2,2,2,1
2247,6,4,2,1,2
2248,6,5,2,0,2
2249,6,6,2,1,4
2250,2,2,2,2,2
2251,10,3,2,0,2
2252,12,7,7,1,7
2253,6,5,0,1,2
2254,13,11,7,1,7
2255,8,5,1,0,4
2256,11,0,0,0,0
2257,9,6,1,0,5
2258,10,1,0,0,0
2259,1,1,0,0,0
2260,10,7,0,1,7
2261,12,7,7,0,7
2262,15,1,0,1,0
2263,6,1,0,0,0
2264,7,5,3,0,4
2265,34,1,0,0,0
2266,11,9,8,1,7
2267,5,5,3,0,4
2268,15,15,14,0,7
2269,27,3,2,0,2
2270,10,9,7,1,8
2271,6,2,2,2,2
2272,1,1,0,1,0
2273,5,5,4,0,4
2274,1,1,0,0,0
2275,13,12,7,5,7
2276,15,2,2,2,2
2277,5,5,2,0,3
2278,24,2,1,2,2
2279,15,12,8,5,7
2280,6,5,3,2,3
2281,19,10,0,4,7
2282,10,10,7,7,7
2283,14,10,8,7,6
2284,5,5,3,0,3
2285,9,4,3,2,2
2286,6,2,2,2,2
2287,7,4,3,0,2
2288,10,0,0,0,0
2289,15,7,7,1,7
2290,13,11,10,3,8
2291,11,7,1,0,7
2292,10,10,3,0,8
2293,7,2,1,2,2
2294,7,3,2,1,2
2295,11,3,2,1,2
2296,23,22,14,13,5
2297,9,7,7,0,2
2298,6,5,1,1,4
2299,13,9,7,3,7
2300,12,5,3,0,3
2301,10,10,8,4,8
2302,37,16,9,14,14
2303,6,5,4,0,3
2304,28,22,11,14,10
2305,15,7,4,7,7
2306,14,7,1,1,7
2307,9,3,2,2,2
2308,3,3,2,1,2
2309,20,4,2,0,3
2310,5,5,3,1,2
2311,23,2,2,2,2
2312,0,0,0,0,0
2313,2,1,0,0,0
2314,4,2,2,2,0
2315,10,8,7,5,7
2316,15,1,0,0,0
2317,7,7,7,7,7
2318,6,5,4,0,2
2319,11,11,8,3,10
2320,4,0,0,0,0
2321,10,6,3,3,3
2322,7,2,2,2,0
2323,12,9,8,4,7
2324,3,3,2,2,2
2325,11,7,0,1,6
2326,8,0,0,0,0
2327,7,2,2,2,2
2328,25,19,17,2,8
2329,9,9,8,5,8
2330,1,1,0,0,0
2331,21,16,12,6,14
2332,29,22,10,12,9
2333,1,1,0,1,0
2334,14,8,7,0,7
2335,8,7,6,7,3
2336,7,2,2,2,2
2337,19,5,2,0,4
2338,1,1,0,0,0
2339,1,1,0,0,0
2340,1,1,0,0,0
2341,10,10,9,1,7
2342,10,10,8,0,2
2343,9,5,3,1,0
2344,11,3,2,1,2
2345,16,5,3,0,4
2346,4,3,2,0,2
2347,10,9,8,3,8
2348,10,10,1,0,8
2349,22,19,7,11,16
2350,1,1,0,1,0
2351,9,8,7,0,7
2352,24,22,17,4,7
2353,10,2,0,2,2
2354,5,5,2,3,0
2355,5,4,2,1,0
2356,12,4,2,1,3
2357,14,5,4,1,4
2358,18,13,7,5,7
2359,8,5,2,1,4
2360,9,4,2,0,1
2361,4,2,2,2,2
2362,8,7,7,7,7
2363,12,4,2,0,3
2364,10,10,4,0,9
2365,7,7,7,0,7
2366,1,1,0,0,0
2367,10,3,2,1,2
2368,6,5,3,1,2
2369,16,15,10,6,11
2370,6,2,0,2,2
2371,16,8,7,1,7
2372,6,0,0,0,0
2373,10,10,0,7,9
2374,20,20,11,0,7
2375,29,1,0,0,0
2376,8,4,1,0,3
2377,10,5,2,0,3
2378,28,5,4,4,3
2379,14,0,0,0,0
2380,1,1,0,0,0
2381,6,5,3,0,4
2382,5,5,3,1,4
2383,4,4,2,2,3
2384,5,5,4,0,2
2385,14,14,8,2,1
2386,9,8,7,1,1
2387,8,7,7,7,6
2388,6,5,3,0,2
2389,9,5,1,1,2
2390,10,10,8,8,7
2391,6,4,1,0,3
2392,20,1,0,0,0
2393,10,10,8,0,9
2394,7,7,7,0,7
2395,8,1,0,0,0
2396,10,10,7,0,8
2397,15,2,2,2,2
2398,9,4,3,2,3
2399,9,9,7,2,8
2400,10,10,9,0,9
2401,7,6,2,1,2
2402,35,10,9,1,4
2403,1,1,0,0,0
2404,21,20,8,11,10
2405,20,20,9,3,7
2406,13,11,7,4,8
2407,9,5,2,1,4
2408,4,4,3,1,2
2409,5,5,2,1,4
2410,10,10,9,9,4
2411,15,11,8,5,10
2412,6,2,0,1,2
2413,12,12,8,1,7
2414,7,2,2,0,2
2415,25,17,14,12,11
2416,1,1,1,0,0
2417,16,15,13,5,8
2418,3,2,2,1,2
2419,10,8,3,7,7
2420,9,4,3,1,2
2421,12,5,3,1,0
2422,14,13,8,5,12
2423,5,2,2,2,2
2424,4,3,2,1,2
2425,10,10,7,0,8
2426,10,9,7,8,1
2427,6,6,2,4,1
2428,8,1,0,0,0
2429,3,2,2,2,2
2430,18,7,7,1,7
2431,20,18,16,1,11
2432,14,14,10,5,7
2433,16,16,11,6,8
2434,6,5,3,0,4
2435,16,9,8,0,0
2436,6,4,3,1,2
2437,2,2,2,1,2
2438,21,6,0,1,3
2439,1,1,0,1,0
2440,10,9,7,3,4
2441,18,4,2,0,2
2442,13,13,12,1,9
2443,4,2,2,2,2
2444,24,22,6,4,14
2445,14,10,9,9,8
2446,21,20,7,0,10
2447,8,8,7,1,7
2448,15,15,12,11,11
2449,14,5,4,0,4
2450,4,4,2,1,2
2451,9,9,0,1,7
2452,10,10,7,1,9
2453,12,6,3,0,1
2454,8,6,3,0,0
2455,8,5,3,0,1
2456,8,2,2,2,2
2457,10,10,2,0,2
2458,20,5,3,0,2
2459,4,4,3,1,1
2460,10,4,3,0,3
2461,5,5,4,0,4
2462,20,3,2,2,0
2463,21,20,9,9,6
2464,10,9,4,1,7
2465,5,4,2,0,0
2466,17,5,2,0,3
2467,9,7,7,1,7
2468,6,6,2,0,3
2469,17,9,6,0,8
2470,6,4,3,1,2